country,year,revenue,gdp,tax_ratio,civil_initiation_centeno,civil_initiation_cow,civil_ongoing_centeno,civil_ongoing_cow,distinct_wars_10yr_centeno,distinct_wars_10yr_cow,interstate_initiation_centeno,interstate_initiation_cow,interstate_ongoing_centeno,interstate_ongoing_cow,war_years_10yr_centeno,war_years_10yr_cow,rivalry_enduring,rivalry_interstate_i,rivalry_interstate_ii,rivalry_proto,rivalry_strategic
Argentina,1900,66.4,660.9,0.1004690573460432,0,0,0,0,0,0,0,0,0,0,0,0,1,1,1,0,2
Argentina,1901,66.4,807.8,0.0821985640009903,0,0,0,0,0,0,0,0,0,0,0,0,1,1,1,0,2
Argentina,1902,68.6,810.9,0.0845973609569614,0,0,0,0,0,0,0,0,0,0,0,0,1,1,1,0,2
Argentina,1903,75.7,939.4,0.0805833510751543,0,0,0,0,0,0,0,0,0,0,0,0,1,1,1,0,2
Argentina,1904,87.6,1120.7,0.0781654323190862,0,0,0,0,0,0,0,0,0,0,0,0,1,1,1,0,2
Argentina,1905,93.3,1348.2,0.0692033822874944,0,0,0,0,0,0,0,0,0,0,0,0,1,1,1,0,2
Argentina,1906,102.1,1455.5,0.0701477155616626,0,0,0,0,0,0,0,0,0,0,0,0,1,1,1,0,2
Argentina,1907,108.2,1465.6,0.0738264192139738,0,0,0,0,0,0,0,0,0,0,0,0,1,1,1,0,2
Argentina,1908,115.7,1722.6,0.0671659119934982,0,0,0,0,0,0,0,0,0,0,0,0,1,1,1,0,2
Argentina,1909,125.4,1983.1,0.0632343300892542,0,0,0,0,0,0,0,0,0,0,0,0,1,1,1,0,2
Argentina,1910,135.5,2027.1,0.0668442602732968,0,0,0,0,0,0,0,0,0,0,0,0,0,1,1,0,2
Argentina,1911,139.0,2072.8,0.0670590505596294,0,0,0,0,0,0,0,0,0,0,0,0,0,1,1,0,2
Argentina,1912,159.7,2351.4,0.0679169856255847,0,0,0,0,0,0,0,0,0,0,0,0,0,1,1,0,2
Argentina,1913,162.8,2496.6,0.0652086838099815,0,0,0,0,0,0,0,0,0,0,0,0,0,1,1,0,2
Argentina,1914,120.1,1998.9,0.0600830456751213,0,0,0,0,0,0,0,0,0,0,0,0,0,1,1,0,2
Argentina,1915,110.9,2286.7,0.0484978353085232,0,0,0,0,0,0,0,0,0,0,0,0,0,1,1,0,2
Argentina,1916,112.2,2315.3,0.0484602427331231,0,0,0,0,0,0,0,0,0,0,0,0,0,1,1,0,2
Argentina,1917,111.8,2072.4,0.0539471144566685,0,0,0,0,0,0,0,0,0,0,0,0,0,1,1,0,2
Argentina,1918,141.7,3652.0,0.0388006571741511,0,0,0,0,0,0,0,0,0,0,0,0,0,1,1,0,2
Argentina,1919,176.4,3405.2,0.0518031246329143,0,0,0,0,0,0,0,0,0,0,0,0,0,1,1,0,2
Argentina,1920,224.0,4130.7,0.0542280969327232,0,0,0,0,0,0,0,0,0,0,0,0,0,1,1,0,2
Argentina,1921,206.8,3804.2,0.0543609694548131,0,0,0,0,0,0,0,0,0,0,0,0,0,1,1,0,2
Argentina,1922,199.3,3552.1,0.0561076546268404,0,0,0,0,0,0,0,0,0,0,0,0,0,1,1,0,2
Argentina,1923,238.5,3903.2,0.0611037097765935,0,0,0,0,0,0,0,0,0,0,0,0,0,1,1,0,2
Argentina,1924,262.7,4314.6,0.0608862930514995,0,0,0,0,0,0,0,0,0,0,0,0,0,1,1,0,2
Argentina,1925,291.7,4046.7,0.0720834260014332,0,0,0,0,0,0,0,0,0,0,0,0,0,1,1,0,2
Argentina,1926,281.6,4092.4,0.0688104779591437,0,0,0,0,0,0,0,0,0,0,0,0,0,1,1,0,2
Argentina,1927,299.6,4442.7,0.0674364688140095,0,0,0,0,0,0,0,0,0,0,0,0,0,1,1,0,2
Argentina,1928,325.2,4437.0,0.0732927653820148,0,0,0,0,0,0,0,0,0,0,0,0,0,1,1,0,2
Argentina,1929,329.1,4554.9,0.0722518606336033,0,0,0,0,0,0,0,0,0,0,0,0,0,1,1,0,2
Argentina,1930,291.7,4219.6,0.0691297753341548,0,0,0,0,0,0,0,0,0,0,0,0,0,1,1,0,2
Argentina,1931,301.8,3784.0,0.0797568710359408,0,0,0,0,0,0,0,0,0,0,0,0,0,1,1,0,2
Argentina,1932,326.5,3256.0,0.1002764127764127,0,0,0,0,0,0,0,0,0,0,0,0,0,1,1,0,2
Argentina,1933,331.8,3872.0,0.0856921487603305,0,0,0,0,0,0,0,0,0,0,0,0,0,1,1,0,2
Argentina,1934,764.0,8400.0,0.0909523809523809,0,0,0,0,0,0,0,0,0,0,0,0,0,1,1,0,2
Argentina,1935,847.0,9300.0,0.0910752688172043,0,0,0,0,0,0,0,0,0,0,0,0,0,1,1,0,2
Argentina,1936,873.0,9800.0,0.0890816326530612,0,0,0,0,0,0,0,0,0,0,0,0,0,1,1,0,2
Argentina,1937,991.0,11900.0,0.0832773109243697,0,0,0,0,0,0,0,0,0,0,0,0,0,1,1,0,2
Argentina,1938,991.0,11000.0,0.0900909090909091,0,0,0,0,0,0,0,0,0,0,0,0,0,1,1,0,2
Argentina,1939,1015.0,11600.0,0.0875,0,0,0,0,0,0,0,0,0,0,0,0,0,1,1,1,2
Argentina,1940,969.0,12000.0,0.08075,0,0,0,0,0,0,0,0,0,0,0,0,0,1,1,1,2
Argentina,1941,914.0,12900.0,0.0708527131782945,0,0,0,0,0,0,0,0,0,0,0,0,0,1,1,1,2
Argentina,1942,1030.0,14600.0,0.0705479452054794,0,0,0,0,0,0,0,0,0,0,0,0,0,1,1,1,2
Argentina,1943,1050.0,15300.0,0.0686274509803921,0,0,0,0,0,0,0,0,0,0,0,0,0,1,1,1,2
Argentina,1944,1484.0,17500.0,0.0848,0,0,0,0,0,0,0,0,0,0,0,0,0,1,1,1,2
Argentina,1945,1547.0,19300.0,0.0801554404145077,0,0,0,0,0,0,0,0,0,0,0,0,0,1,1,1,2
Argentina,1946,1972.0,26200.0,0.075267175572519,0,0,0,0,0,0,0,0,0,0,0,0,0,1,1,0,2
Argentina,1947,3250.0,35900.0,0.0905292479108635,0,0,0,0,0,0,0,0,0,0,0,0,0,1,1,0,2
Argentina,1948,4327.0,43800.0,0.0987899543378995,0,0,0,0,0,0,0,0,0,0,0,0,0,1,1,0,2
Argentina,1949,5159.0,52600.0,0.0980798479087452,0,0,0,0,0,0,0,0,0,0,0,0,0,1,1,0,2
Argentina,1950,6096.0,62200.0,0.0980064308681672,0,0,0,0,0,0,0,0,0,0,0,0,0,1,1,0,2
Argentina,1951,9465.0,96000.0,0.09859375,0,0,0,0,0,0,0,0,0,0,0,0,0,1,1,0,2
Argentina,1952,11492.0,112000.0,0.1026071428571428,0,0,0,0,0,0,0,0,0,0,0,0,0,1,1,0,2
Argentina,1953,11781.0,129000.0,0.0913255813953488,0,0,0,0,0,0,0,0,0,0,0,0,0,1,1,0,2
Argentina,1954,12782.0,145000.0,0.088151724137931,0,0,0,0,0,0,0,0,0,0,0,0,0,1,1,0,2
Argentina,1955,12600.0,171000.0,0.0736842105263157,1,1,1,1,1,1,0,0,0,0,1,1,0,1,1,0,2
Argentina,1956,16000.0,218000.0,0.073394495412844,0,0,0,0,1,1,0,0,0,0,1,1,0,1,1,0,2
Argentina,1957,18600.0,271000.0,0.0686346863468634,0,0,0,0,1,1,0,0,0,0,1,1,0,1,1,0,2
Argentina,1958,36600.0,387000.0,0.0945736434108527,0,0,0,0,1,1,0,0,0,0,1,1,0,1,1,0,2
Argentina,1959,66500.0,741000.0,0.0897435897435897,0,0,0,0,1,1,0,0,0,0,1,1,0,1,1,0,2
Argentina,1960,103000.0,1006000.0,0.1023856858846918,0,0,0,0,1,1,0,0,0,0,1,1,0,1,1,0,2
Argentina,1961,145000.0,1200000.0,0.1208333333333333,0,0,0,0,1,1,0,0,0,0,1,1,0,1,1,0,2
Argentina,1962,143000.0,1485000.0,0.0962962962962963,0,0,0,0,1,1,0,0,0,0,1,1,0,1,1,0,2
Argentina,1963,163000.0,1855000.0,0.0878706199460916,0,0,0,0,1,1,0,0,0,0,1,1,0,1,1,0,2
Argentina,1964,229000.0,2580000.0,0.0887596899224806,0,0,0,0,1,1,0,0,0,0,1,1,0,1,1,0,2
Argentina,1965,322000.0,3620000.0,0.0889502762430939,0,0,0,0,0,0,0,0,0,0,0,0,0,1,1,0,3
Argentina,1966,421000.0,4520000.0,0.0931415929203539,0,0,0,0,0,0,0,0,0,0,0,0,0,1,1,0,3
Argentina,1967,476000.0,5910000.0,0.0805414551607445,0,0,0,0,0,0,0,0,0,0,0,0,0,1,1,0,3
Argentina,1968,505000.0,6880000.0,0.0734011627906976,0,0,0,0,0,0,0,0,0,0,0,0,0,1,1,0,3
Argentina,1969,572000.0,8040000.0,0.0711442786069651,0,0,0,0,0,0,0,0,0,0,0,0,0,1,1,0,3
Argentina,1970,6800.0,90000.0,0.0755555555555555,0,0,0,0,0,0,0,0,0,0,0,0,0,1,1,0,3
Argentina,1971,8600.0,130000.0,0.0661538461538461,0,0,0,0,0,0,0,0,0,0,0,0,0,1,1,0,3
Argentina,1972,14000.0,210000.0,0.0666666666666666,0,0,0,0,0,0,0,0,0,0,0,0,0,1,1,0,3
Argentina,1973,19000.0,350000.0,0.0542857142857142,0,0,0,0,0,0,0,0,0,0,0,0,0,1,1,0,3
Argentina,1974,30000.0,490000.0,0.0612244897959183,0,0,0,0,0,0,0,0,0,0,0,0,0,1,1,0,3
Argentina,1975,160000.0,1430000.0,0.1118881118881118,0,0,0,0,0,0,0,0,0,0,0,0,0,1,1,0,3
Argentina,1976,928000.0,7590000.0,0.122266139657444,0,0,0,0,0,0,0,0,0,0,0,0,0,1,1,0,3
Argentina,1977,2950000.0,20930000.0,0.1409460105112279,0,0,0,0,0,0,0,0,0,0,0,0,0,1,1,0,3
Argentina,1978,8350000.0,52340000.0,0.1595338173481085,0,0,0,0,0,0,0,0,0,0,0,0,0,1,1,0,3
Argentina,1979,23400000.0,142500000.0,0.1642105263157894,0,0,0,0,0,0,0,0,0,0,0,0,0,1,1,0,3
Argentina,1980,49000000.0,384000000.0,0.1276041666666666,0,0,0,0,0,0,0,0,0,0,0,0,0,1,1,0,3
Argentina,1981,92000000.0,747400000.0,0.1230933904201231,0,0,0,0,0,0,0,0,0,0,0,0,0,1,1,0,3
Argentina,1982,232000000.0,2185200000.0,0.1061687717371407,0,0,0,0,1,1,1,1,1,1,1,1,0,1,1,0,3
Argentina,1983,106000.0,1095000.0,0.0968036529680365,0,0,0,0,1,1,0,0,0,0,1,1,0,1,1,0,3
Argentina,1984,783000.0,7909200.0,0.098998634501593,0,0,0,0,1,1,0,0,0,0,1,1,0,1,1,0,3
Argentina,1985,8300.0,53050.0,0.1564561734213006,0,0,0,0,1,1,0,0,0,0,1,1,0,0,0,0,3
Argentina,1986,15200.0,99840.0,0.1522435897435897,0,0,0,0,1,1,0,0,0,0,1,1,0,0,0,0,2
Argentina,1987,32600.0,233320.0,0.139722269843991,0,0,0,0,1,1,0,0,0,0,1,1,0,0,0,0,2
Argentina,1988,103000.0,1110620.0,0.092740991518251,0,0,0,0,1,1,0,0,0,0,1,1,0,0,0,0,2
Argentina,1989,3141000.0,32440400.0,0.0968237136410155,0,0,0,0,1,1,0,0,0,0,1,1,0,0,0,0,2
Argentina,1990,71593000.0,689223000.0,0.103874943233177,0,0,0,0,1,1,0,0,0,0,1,1,0,0,0,0,2
Argentina,1991,201920000.0,1808980000.0,0.1116209134429346,0,0,0,0,1,1,0,0,0,0,1,1,0,0,0,0,2
Argentina,1992,27832.6,226847.0,0.1226932690315499,0,0,0,0,0,0,0,0,0,0,0,0,0,0,0,0,1
Argentina,1993,35711.2,236505.0,0.1509955392063592,0,0,0,0,0,0,0,0,0,0,0,0,0,0,0,0,1
Argentina,1994,38263.4,257440.0,0.148630360472343,0,0,0,0,0,0,0,0,0,0,0,0,0,0,0,0,1
Argentina,1995,36187.6,258031.9,0.1402446751738835,0,0,0,0,0,0,0,0,0,0,0,0,0,0,0,0,1
Argentina,1996,35482.0,272149.8,0.1303767263470338,0,0,0,0,0,0,0,0,0,0,0,0,0,0,0,0,1
Argentina,1997,39808.1,292858.9,0.1359292819852836,0,0,0,0,0,0,0,0,0,0,0,0,0,0,0,0,1
Argentina,1998,41105.1,298948.4,0.1374989797570416,0,0,0,0,0,0,0,0,0,0,0,0,0,0,0,0,1
Argentina,1999,39717.8,283523.0,0.140086694906586,0,0,0,0,0,0,0,0,0,0,0,0,0,0,0,0,1
Argentina,2000,40293.2,284203.7,0.1417757756144624,0,0,0,0,0,0,0,0,0,0,0,0,0,0,0,0,1
Bolivia,1900,6.0,,,0,0,0,0,0,0,0,0,0,0,0,0,0,1,0,0,3
Bolivia,1901,6.4,,,0,0,0,0,0,0,0,0,0,0,0,0,0,1,0,0,3
Bolivia,1902,6.0,,,0,0,0,0,0,0,0,0,0,0,0,0,0,1,0,0,3
Bolivia,1903,5.3,,,0,0,0,0,0,0,0,0,0,0,0,0,0,1,0,0,3
Bolivia,1904,6.8,,,0,0,0,0,0,0,0,0,0,0,0,0,0,1,0,0,3
Bolivia,1905,7.9,,,0,0,0,0,0,0,0,0,0,0,0,0,0,0,0,0,3
Bolivia,1906,10.0,,,0,0,0,0,0,0,0,0,0,0,0,0,0,0,0,0,3
Bolivia,1907,14.0,,,0,0,0,0,0,0,0,0,0,0,0,0,0,0,0,0,3
Bolivia,1908,16.0,,,0,0,0,0,0,0,0,0,0,0,0,0,0,0,0,0,3
Bolivia,1909,13.0,,,0,0,0,0,0,0,0,0,0,0,0,0,0,0,0,0,3
Bolivia,1910,13.0,,,0,0,0,0,0,0,0,0,0,0,0,0,0,0,0,0,3
Bolivia,1911,17.0,,,0,0,0,0,0,0,0,0,0,0,0,0,0,0,0,0,3
Bolivia,1912,20.0,,,0,0,0,0,0,0,0,0,0,0,0,0,0,0,0,0,3
Bolivia,1913,22.0,,,0,0,0,0,0,0,0,0,0,0,0,0,0,0,0,0,3
Bolivia,1914,23.0,,,0,0,0,0,0,0,0,0,0,0,0,0,0,0,0,0,3
Bolivia,1915,17.0,,,0,0,0,0,0,0,0,0,0,0,0,0,0,0,0,0,3
Bolivia,1916,16.0,,,0,0,0,0,0,0,0,0,0,0,0,0,0,0,0,0,3
Bolivia,1917,19.0,,,0,0,0,0,0,0,0,0,0,0,0,0,0,0,0,0,3
Bolivia,1918,30.0,,,0,0,0,0,0,0,0,0,0,0,0,0,1,0,0,0,3
Bolivia,1919,25.0,,,0,0,0,0,0,0,0,0,0,0,0,0,1,0,0,0,3
Bolivia,1920,31.0,,,0,0,0,0,0,0,0,0,0,0,0,0,1,0,0,0,3
Bolivia,1921,24.0,,,0,0,0,0,0,0,0,0,0,0,0,0,1,0,0,0,3
Bolivia,1922,23.0,,,0,0,0,0,0,0,0,0,0,0,0,0,1,0,0,0,3
Bolivia,1923,29.0,,,0,0,0,0,0,0,0,0,0,0,0,0,1,0,0,0,3
Bolivia,1924,41.0,,,0,0,0,0,0,0,0,0,0,0,0,0,1,0,0,0,3
Bolivia,1925,42.0,,,0,0,0,0,0,0,0,0,0,0,0,0,1,0,0,0,3
Bolivia,1926,43.0,,,0,0,0,0,0,0,0,0,0,0,0,0,1,0,0,0,3
Bolivia,1927,46.0,,,0,0,0,0,0,0,0,0,0,0,0,0,1,0,1,0,3
Bolivia,1928,45.0,,,0,0,0,0,0,0,0,0,0,0,0,0,1,0,1,0,3
Bolivia,1929,49.0,,,0,0,0,0,0,0,0,0,0,0,0,0,1,0,1,0,3
Bolivia,1930,36.0,,,0,0,0,0,0,0,0,0,0,0,0,0,1,0,1,0,3
Bolivia,1931,22.0,,,0,0,0,0,0,0,0,0,0,0,0,0,1,0,1,0,3
Bolivia,1932,20.0,,,0,0,0,0,1,1,1,1,1,1,1,1,1,0,1,0,3
Bolivia,1933,26.0,,,0,0,0,0,1,1,0,0,1,1,2,2,1,0,1,0,2
Bolivia,1934,43.0,,,0,0,0,0,1,1,0,0,1,1,3,3,1,0,1,0,2
Bolivia,1935,56.0,,,0,0,0,0,1,1,0,0,1,1,4,4,1,0,1,0,2
Bolivia,1936,80.0,,,0,0,0,0,1,1,0,0,0,0,4,4,1,0,1,0,2
Bolivia,1937,200.0,,,0,0,0,0,1,1,0,0,0,0,4,4,1,0,1,0,2
Bolivia,1938,274.0,,,0,0,0,0,1,1,0,0,0,0,4,4,1,0,1,0,2
Bolivia,1939,426.0,,,0,0,0,0,1,1,0,0,0,0,4,4,0,0,0,0,1
Bolivia,1940,565.0,,,0,0,0,0,1,1,0,0,0,0,4,4,0,0,0,0,1
Bolivia,1941,824.0,,,0,0,0,0,1,1,0,0,0,0,4,4,0,0,0,0,1
Bolivia,1942,976.0,,,0,0,0,0,1,1,0,0,0,0,3,3,0,0,0,0,1
Bolivia,1943,1096.0,,,0,0,0,0,1,1,0,0,0,0,2,2,0,0,0,0,1
Bolivia,1944,1095.0,,,0,0,0,0,1,1,0,0,0,0,1,1,0,0,0,0,1
Bolivia,1945,1159.0,,,0,0,0,0,0,0,0,0,0,0,0,0,0,0,0,0,1
Bolivia,1946,1038.0,,,0,0,0,0,0,0,0,0,0,0,0,0,0,0,0,0,1
Bolivia,1947,1070.0,,,0,0,0,0,0,0,0,0,0,0,0,0,0,0,0,0,1
Bolivia,1948,1385.0,,,0,0,0,0,0,0,0,0,0,0,0,0,0,0,0,0,1
Bolivia,1949,1382.0,,,0,0,0,0,0,0,0,0,0,0,0,0,0,0,0,0,1
Bolivia,1950,1824.0,,,0,0,0,0,0,0,0,0,0,0,0,0,0,0,0,0,1
Bolivia,1951,3377.0,,,0,0,0,0,0,0,0,0,0,0,0,0,0,0,0,0,1
Bolivia,1952,3182.0,,,1,1,1,1,1,1,0,0,0,0,1,1,0,0,0,0,1
Bolivia,1953,7437.0,,,0,0,0,0,1,1,0,0,0,0,1,1,0,0,0,0,1
Bolivia,1954,15037.0,,,0,0,0,0,1,1,0,0,0,0,1,1,0,0,0,0,1
Bolivia,1955,31000.0,,,0,0,0,0,1,1,0,0,0,0,1,1,0,0,0,0,1
Bolivia,1956,74000.0,,,0,0,0,0,1,1,0,0,0,0,1,1,0,0,0,0,1
Bolivia,1957,240000.0,,,0,0,0,0,1,1,0,0,0,0,1,1,0,0,0,0,1
Bolivia,1958,232000.0,,,0,0,0,0,1,1,0,0,0,0,1,1,0,0,0,0,1
Bolivia,1959,286000.0,,,0,0,0,0,1,1,0,0,0,0,1,1,0,0,0,0,1
Bolivia,1960,304000.0,6061000.0,0.0501567398119122,0,0,0,0,1,1,0,0,0,0,1,1,0,0,0,0,1
Bolivia,1961,383000.0,6593000.0,0.0580919156681328,0,0,0,0,1,1,0,0,0,0,1,1,0,0,0,0,1
Bolivia,1962,395000.0,7209000.0,0.0547926203356914,0,0,0,0,0,0,0,0,0,0,0,0,0,0,0,0,1
Bolivia,1963,446.0,7762.0,0.0574594176758567,0,0,0,0,0,0,0,0,0,0,0,0,0,0,0,0,1
Bolivia,1964,528.0,8746.0,0.0603704550651726,0,0,0,0,0,0,0,0,0,0,0,0,0,0,0,0,1
Bolivia,1965,632.0,9701.0,0.0651479228945469,0,0,0,0,0,0,0,0,0,0,0,0,0,0,0,0,1
Bolivia,1966,741.0,10610.0,0.0698397737983034,0,0,0,0,0,0,0,0,0,0,0,0,0,0,0,0,1
Bolivia,1967,792.0,11571.0,0.0684469795177599,0,0,0,0,0,0,0,0,0,0,0,0,0,0,0,0,1
Bolivia,1968,862.0,9701.0,0.088856818884651,0,0,0,0,0,0,0,0,0,0,0,0,0,0,0,0,1
Bolivia,1969,901.0,10296.0,0.0875097125097125,0,0,0,0,0,0,0,0,0,0,0,0,0,0,0,0,1
Bolivia,1970,1131.0,10857.0,0.1041724233213595,0,0,0,0,0,0,0,0,0,0,0,0,0,0,0,0,1
Bolivia,1971,1151.0,11887.0,0.0968284680743669,0,0,0,0,0,0,0,0,0,0,0,0,0,0,0,0,1
Bolivia,1972,1389.0,15139.0,0.0917497853226765,0,0,0,0,0,0,0,0,0,0,0,0,0,0,0,0,1
Bolivia,1973,2479.0,22869.0,0.1084000174909265,0,0,0,0,0,0,0,0,0,0,0,0,0,0,0,0,1
Bolivia,1974,5070.0,38027.0,0.133326320772083,0,0,0,0,0,0,0,0,0,0,0,0,0,0,0,0,1
Bolivia,1975,5700.0,43185.0,0.1319902744008336,0,0,0,0,0,0,0,0,0,0,0,0,0,0,0,0,1
Bolivia,1976,3800.0,49544.0,0.0766994994348457,0,0,0,0,0,0,0,0,0,0,0,0,0,0,0,0,1
Bolivia,1977,4400.0,57245.0,0.0768626080880426,0,0,0,0,0,0,0,0,0,0,0,0,0,0,0,0,1
Bolivia,1978,5100.0,67122.0,0.0759810494323768,0,0,0,0,0,0,0,0,0,0,0,0,0,0,0,0,1
Bolivia,1979,5700.0,80041.0,0.0712135030796716,0,0,0,0,0,0,0,0,0,0,0,0,0,0,0,0,1
Bolivia,1980,5000.0,110000.0,0.0454545454545454,0,0,0,0,0,0,0,0,0,0,0,0,0,0,0,0,1
Bolivia,1981,6200.0,144000.0,0.0430555555555555,0,0,0,0,0,0,0,0,0,0,0,0,0,0,0,0,1
Bolivia,1982,9300.0,358000.0,0.0259776536312849,0,0,0,0,0,0,0,0,0,0,0,0,0,0,0,0,1
Bolivia,1983,28200.0,1256000.0,0.022452229299363,0,0,0,0,0,0,0,0,0,0,0,0,0,0,0,0,1
Bolivia,1984,257000.0,19345992.0,0.0132844053693395,0,0,0,0,0,0,0,0,0,0,0,0,0,0,0,0,1
Bolivia,1985,232.5,2366.2,0.0982588115966528,0,0,0,0,0,0,0,0,0,0,0,0,0,0,0,0,1
Bolivia,1986,1000.5,7609.8,0.1314752030276748,0,0,0,0,0,0,0,0,0,0,0,0,0,0,0,0,1
Bolivia,1987,1163.6,8934.4,0.1302381805157593,0,0,0,0,0,0,0,0,0,0,0,0,0,0,0,0,1
Bolivia,1988,1350.4,10805.5,0.1249733931793993,0,0,0,0,0,0,0,0,0,0,0,0,0,0,0,0,1
Bolivia,1989,1618.5,12694.0,0.127501181660627,0,0,0,0,0,0,0,0,0,0,0,0,0,0,0,0,1
Bolivia,1990,2111.0,15443.0,0.1366962377776338,0,0,0,0,0,0,0,0,0,0,0,0,0,0,0,0,1
Bolivia,1991,2840.3,19132.0,0.1484580807024879,0,0,0,0,0,0,0,0,0,0,0,0,0,0,0,0,1
Bolivia,1992,3339.9,22014.0,0.1517170891251022,0,0,0,0,0,0,0,0,0,0,0,0,0,0,0,0,1
Bolivia,1993,3923.7,24459.0,0.1604194774929473,0,0,0,0,0,0,0,0,0,0,0,0,0,0,0,0,1
Bolivia,1994,4528.6,27636.0,0.1638659719206831,0,0,0,0,0,0,0,0,0,0,0,0,0,0,0,0,1
Bolivia,1995,5233.6,32235.0,0.1623576857453079,0,0,0,0,0,0,0,0,0,0,0,0,0,0,0,0,1
Bolivia,1996,6444.2,37537.0,0.1716759463995524,0,0,0,0,0,0,0,0,0,0,0,0,0,0,0,0,1
Bolivia,1997,7070.0,41644.0,0.1697723561617519,0,0,0,0,0,0,0,0,0,0,0,0,0,0,0,0,1
Bolivia,1998,8228.4,46471.0,0.1770652665102967,0,0,0,0,0,0,0,0,0,0,0,0,0,0,0,0,1
Bolivia,1999,8043.4,48268.0,0.1666404242976713,0,0,0,0,0,0,0,0,0,0,0,0,0,0,0,0,1
Bolivia,2000,9016.9,51261.0,0.1759017576715241,0,0,0,0,0,0,0,0,0,0,0,0,0,0,0,0,1
Brazil,1900,308.0,3100.0,0.0993548387096774,0,0,0,0,0,0,0,0,0,0,0,0,0,0,1,0,1
Brazil,1901,304.5,2700.0,0.1127777777777777,0,0,0,0,0,0,0,0,0,0,0,0,0,0,1,0,1
Brazil,1902,343.8,2900.0,0.118551724137931,0,0,0,0,0,0,0,0,0,0,0,0,0,0,1,0,1
Brazil,1903,415.4,2900.0,0.1432413793103448,0,0,0,0,0,0,0,0,0,0,0,0,0,0,1,0,1
Brazil,1904,442.8,3200.0,0.138375,0,0,0,0,0,0,0,0,0,0,0,0,0,0,1,0,1
Brazil,1905,401.0,2700.0,0.1485185185185185,0,0,0,0,0,0,0,0,0,0,0,0,0,0,1,0,1
Brazil,1906,431.7,3200.0,0.13490625,0,0,0,0,0,0,0,0,0,0,0,0,0,0,1,0,1
Brazil,1907,536.1,3700.0,0.1448918918918919,0,0,0,0,0,0,0,0,0,0,0,0,0,0,1,0,1
Brazil,1908,441.3,3700.0,0.1192702702702702,0,0,0,0,0,0,0,0,0,0,0,0,0,0,1,0,1
Brazil,1909,449.9,4200.0,0.1071190476190476,0,0,0,0,0,0,0,0,0,0,0,0,0,0,1,0,1
Brazil,1910,524.8,4800.0,0.1093333333333333,0,0,0,0,0,0,0,0,0,0,0,0,0,0,1,0,1
Brazil,1911,563.5,5500.0,0.1024545454545454,0,0,0,0,0,0,0,0,0,0,0,0,0,0,1,0,1
Brazil,1912,615.4,5700.0,0.1079649122807017,0,0,0,0,0,0,0,0,0,0,0,0,0,0,1,0,1
Brazil,1913,654.4,5700.0,0.1148070175438596,0,0,0,0,0,0,0,0,0,0,0,0,0,0,1,0,1
Brazil,1914,423.3,4700.0,0.090063829787234,0,0,0,0,0,0,0,0,0,0,0,0,0,0,1,0,1
Brazil,1915,404.3,4500.0,0.0898444444444444,0,0,0,0,0,0,0,0,0,0,0,0,0,0,1,0,1
Brazil,1916,477.9,4800.0,0.0995625,0,0,0,0,0,0,0,0,0,0,0,0,0,0,1,0,1
Brazil,1917,537.4,5500.0,0.0977090909090909,0,0,0,0,1,0,1,0,1,0,1,0,0,0,1,0,1
Brazil,1918,618.8,5500.0,0.1125090909090909,0,0,0,0,1,0,0,0,1,0,2,0,0,0,1,0,1
Brazil,1919,625.7,8300.0,0.0753855421686747,0,0,0,0,1,0,0,0,0,0,2,0,0,0,1,0,1
Brazil,1920,922.3,9800.0,0.0941122448979591,0,0,0,0,1,0,0,0,0,0,2,0,0,0,1,0,1
Brazil,1921,891.0,10000.0,0.0891,0,0,0,0,1,0,0,0,0,0,2,0,0,0,1,0,1
Brazil,1922,972.2,12000.0,0.0810166666666666,0,0,0,0,1,0,0,0,0,0,2,0,0,0,1,0,1
Brazil,1923,1258.1,16000.0,0.07863125,0,0,0,0,1,0,0,0,0,0,2,0,0,0,1,0,1
Brazil,1924,1539.2,20000.0,0.07696,0,0,0,0,1,0,0,0,0,0,2,0,0,0,1,0,1
Brazil,1925,1741.8,22000.0,0.0791727272727272,0,0,0,0,1,0,0,0,0,0,2,0,0,0,1,0,1
Brazil,1926,1647.9,23000.0,0.0716478260869565,0,0,0,0,1,0,0,0,0,0,2,0,0,0,1,0,1
Brazil,1927,2039.5,25000.0,0.08158,0,0,0,0,1,0,0,0,0,0,1,0,0,0,1,0,1
Brazil,1928,2216.5,28000.0,0.0791607142857142,0,0,0,0,0,0,0,0,0,0,0,0,0,0,1,0,1
Brazil,1929,2399.6,25000.0,0.095984,0,0,0,0,0,0,0,0,0,0,0,0,0,0,1,0,1
Brazil,1930,1678.0,22000.0,0.0762727272727272,0,0,0,0,0,0,0,0,0,0,0,0,0,0,1,0,1
Brazil,1931,1752.7,18000.0,0.0973722222222222,0,0,0,0,0,0,0,0,0,0,0,0,0,0,1,0,1
Brazil,1932,1750.8,18000.0,0.0972666666666666,0,1,0,1,0,1,0,0,0,0,0,1,0,0,1,0,1
Brazil,1933,2078.5,19000.0,0.1093947368421052,0,0,0,0,0,1,0,0,0,0,0,1,0,0,1,0,1
Brazil,1934,2519.5,25000.0,0.10078,0,0,0,0,0,1,0,0,0,0,0,1,0,0,1,0,1
Brazil,1935,2722.7,30000.0,0.0907566666666666,0,0,0,0,0,1,0,0,0,0,0,1,0,0,1,0,1
Brazil,1936,3127.5,37000.0,0.084527027027027,0,0,0,0,0,1,0,0,0,0,0,1,0,0,1,0,1
Brazil,1937,3462.5,42000.0,0.0824404761904761,0,0,0,0,0,1,0,0,0,0,0,1,0,0,1,0,1
Brazil,1938,3879.8,45000.0,0.0862177777777777,0,0,0,0,0,1,0,0,0,0,0,1,0,0,1,0,1
Brazil,1939,3795.0,45000.0,0.0843333333333333,0,0,0,0,0,1,0,0,0,0,0,1,0,0,1,0,1
Brazil,1940,4036.5,48000.0,0.08409375,0,0,0,0,0,1,0,0,0,0,0,1,0,0,1,0,1
Brazil,1941,4045.6,51000.0,0.0793254901960784,0,0,0,0,0,1,0,0,0,0,0,1,0,0,1,0,1
Brazil,1942,4376.6,58000.0,0.0754586206896551,0,0,0,0,0,0,0,0,0,0,0,0,0,0,1,1,1
Brazil,1943,5442.6,67000.0,0.0812328358208955,0,0,0,0,0,0,0,0,0,0,0,0,0,0,1,1,1
Brazil,1944,7366.2,88000.0,0.0837068181818181,0,0,0,0,1,1,1,1,1,1,1,1,0,0,1,1,1
Brazil,1945,8852.1,112000.0,0.0790366071428571,0,0,0,0,1,1,0,0,1,1,2,2,0,0,1,1,1
Brazil,1946,11569.6,148000.0,0.0781729729729729,0,0,0,0,1,1,0,0,0,0,2,2,0,0,1,0,1
Brazil,1947,13853.5,186000.0,0.0744811827956989,0,0,0,0,1,1,0,0,0,0,2,2,0,0,1,0,1
Brazil,1948,15699.0,195000.0,0.0805076923076923,0,0,0,0,1,1,0,0,0,0,2,2,0,0,1,0,1
Brazil,1949,17916.5,230000.0,0.0778978260869565,0,0,0,0,1,1,0,0,0,0,2,2,0,0,1,0,1
Brazil,1950,19372.8,272000.0,0.0712235294117647,0,0,0,0,1,1,0,0,0,0,2,2,0,0,1,0,1
Brazil,1951,27428.0,323000.0,0.0849164086687306,0,0,0,0,1,1,0,0,0,0,2,2,0,0,1,0,1
Brazil,1952,30739.6,397000.0,0.0774297229219143,0,0,0,0,1,1,0,0,0,0,2,2,0,0,1,0,1
Brazil,1953,37057.2,470000.0,0.0788451063829787,0,0,0,0,1,1,0,0,0,0,2,2,0,0,1,0,1
Brazil,1954,46539.0,627000.0,0.0742248803827751,0,0,0,0,1,1,0,0,0,0,1,1,0,0,1,0,1
Brazil,1955,55670.9,783000.0,0.0710994891443167,0,0,0,0,0,0,0,0,0,0,0,0,0,0,1,0,1
Brazil,1956,74082.5,996000.0,0.0743800200803212,0,0,0,0,0,0,0,0,0,0,0,0,0,0,1,0,1
Brazil,1957,85788.5,1218000.0,0.070433908045977,0,0,0,0,0,0,0,0,0,0,0,0,0,0,1,0,1
Brazil,1958,117816.4,1458000.0,0.0808068587105624,0,0,0,0,0,0,0,0,0,0,0,0,0,0,1,0,1
Brazil,1959,157826.7,1989000.0,0.0793497737556561,0,0,0,0,0,0,0,0,0,0,0,0,0,0,1,0,1
Brazil,1960,233012.6,2800000.0,0.0832187857142857,0,0,0,0,0,0,0,0,0,0,0,0,0,0,1,0,1
Brazil,1961,317454.0,4100000.0,0.0774278048780487,0,0,0,0,0,0,0,0,0,0,0,0,0,0,1,0,1
Brazil,1962,511828.7,7743728.0,0.0660959036784349,0,0,0,0,0,0,0,0,0,0,0,0,0,0,1,0,1
Brazil,1963,953053.9,13801533.0,0.0690542057900379,0,0,0,0,0,0,0,0,0,0,0,0,0,0,1,0,1
Brazil,1964,2010623.2,27132136.4,0.0741048611269697,0,0,0,0,0,0,0,0,0,0,0,0,0,0,1,0,1
Brazil,1965,3593920.6,43209734.5,0.0831738644448278,0,0,0,0,0,0,0,0,0,0,0,0,0,0,1,0,1
Brazil,1966,6007009.5,63327406.0,0.0948563959812281,0,0,0,0,0,0,0,0,0,0,0,0,0,0,0,0,1
Brazil,1967,7384.4,83158.1,0.0887995276467355,0,0,0,0,0,0,0,0,0,0,0,0,0,0,0,0,1
Brazil,1968,11785.5,115717.1,0.1018475229676512,0,0,0,0,0,0,0,0,0,0,0,0,0,0,0,0,1
Brazil,1969,19683.6,152184.2,0.1293406280021184,0,0,0,0,0,0,0,0,0,0,0,0,0,0,0,0,1
Brazil,1970,29820.0,195422.0,0.1525928503443829,0,0,0,0,0,0,0,0,0,0,0,0,0,0,0,0,1
Brazil,1971,27051.6,260065.8,0.1040182907556472,0,0,0,0,0,0,0,0,0,0,0,0,0,0,0,0,1
Brazil,1972,39419.9,348402.3,0.1131447754506787,0,0,0,0,0,0,0,0,0,0,0,0,0,0,0,0,1
Brazil,1973,52725.9,514608.8,0.1024582168046873,0,0,0,0,0,0,0,0,0,0,0,0,0,0,0,0,1
Brazil,1974,75663.5,749551.6,0.1009450183282912,0,0,0,0,0,0,0,0,0,0,0,0,0,0,0,0,1
Brazil,1975,100590.8,1054713.5,0.0953726296288044,0,0,0,0,0,0,0,0,0,0,0,0,0,0,0,0,1
Brazil,1976,172372.1,1642738.5,0.1049297255771384,0,0,0,0,0,0,0,0,0,0,0,0,0,0,0,0,1
Brazil,1977,252605.4,2506271.3,0.1007893279550382,0,0,0,0,0,0,0,0,0,0,0,0,0,0,0,0,1
Brazil,1978,357704.8,3633744.4,0.098439725149628,0,0,0,0,0,0,0,0,0,0,0,0,0,0,0,0,1
Brazil,1979,544243.7,6018222.1,0.0904326379048058,0,0,0,0,0,0,0,0,0,0,0,0,0,0,0,0,1
Brazil,1980,1230018.0,12528209.8,0.0981798692419726,0,0,0,0,0,0,0,0,0,0,0,0,0,0,0,0,1
Brazil,1981,2351966.0,24066157.0,0.0977291887524875,0,0,0,0,0,0,0,0,0,0,0,0,0,0,0,0,1
Brazil,1982,4774815.0,48670688.9,0.0981045287813873,0,0,0,0,0,0,0,0,0,0,0,0,0,0,0,0,1
Brazil,1983,11779847.0,109272505.5,0.107802479188143,0,0,0,0,0,0,0,0,0,0,0,0,0,0,0,0,1
Brazil,1984,36414053.0,350479383.1,0.1038978460813206,0,0,0,0,0,0,0,0,0,0,0,0,0,0,0,0,1
Brazil,1985,134851122.0,1308209515.0,0.1030806766452849,0,0,0,0,0,0,0,0,0,0,0,0,0,0,0,0,1
Brazil,1986,562828.7,3519130.8,0.1599340098412937,0,0,0,0,0,0,0,0,0,0,0,0,0,0,0,0,0
Brazil,1987,1692405.9,11071212.5,0.1528654517289772,0,0,0,0,0,0,0,0,0,0,0,0,0,0,0,0,0
Brazil,1988,15949586.3,80095139.7,0.1991330105639356,0,0,0,0,0,0,0,0,0,0,0,0,0,0,0,0,0
Brazil,1989,547059.4,1177041.7,0.4647748673645123,0,0,0,0,0,0,0,0,0,0,0,0,0,0,0,0,0
Brazil,1990,21649721.7,29707799.0,0.7287554927916403,0,0,0,0,0,0,0,0,0,0,0,0,0,0,0,0,0
Brazil,1991,46073797.1,164953231.7,0.2793143039706812,0,0,0,0,0,0,0,0,0,0,0,0,0,0,0,0,0
Brazil,1992,659074785.6,1747858191.3,0.377075662591255,0,0,0,0,0,0,0,0,0,0,0,0,0,0,0,0,0
Brazil,1993,5448682192.574117,38001365278.8,0.1433812220324041,0,0,0,0,0,0,0,0,0,0,0,0,0,0,0,0,0
Brazil,1994,44236904.46139261,954789672.1,0.046331569930052,0,0,0,0,0,0,0,0,0,0,0,0,0,0,0,0,0
Brazil,1995,57473.41469232163,649013.3,0.0885550645762138,0,0,0,0,0,0,0,0,0,0,0,0,0,0,0,0,0
Brazil,1996,54330.48684659781,783229.4,0.0693672720234937,0,0,0,0,0,0,0,0,0,0,0,0,0,0,0,0,0
Brazil,1997,75461.8569732324,872439.4,0.0864952419311099,0,0,0,0,0,0,0,0,0,0,0,0,0,0,0,0,0
Brazil,1998,92453.25668124732,913951.5,0.1011577273862423,0,0,0,0,0,0,0,0,0,0,0,0,0,0,0,0,0
Brazil,1999,110217.96098756324,961213.0,0.1146654914025957,0,0,0,0,0,0,0,0,0,0,0,0,0,0,0,0,0
Brazil,2000,118325.43637874816,1087472.4,0.1088077604348838,0,0,0,0,0,0,0,0,0,0,0,0,0,0,0,0,0
Chile,1900,96.0,,,0,0,0,0,0,0,0,0,0,0,0,0,1,3,1,0,3
Chile,1901,96.0,,,0,0,0,0,0,0,0,0,0,0,0,0,1,3,1,0,3
Chile,1902,102.0,,,0,0,0,0,0,0,0,0,0,0,0,0,1,3,1,0,3
Chile,1903,102.0,,,0,0,0,0,0,0,0,0,0,0,0,0,1,3,1,0,3
Chile,1904,122.0,,,0,0,0,0,0,0,0,0,0,0,0,0,1,3,1,0,3
Chile,1905,125.0,,,0,0,0,0,0,0,0,0,0,0,0,0,1,2,1,0,3
Chile,1906,161.0,,,0,0,0,0,0,0,0,0,0,0,0,0,1,2,1,0,3
Chile,1907,200.0,,,0,0,0,0,0,0,0,0,0,0,0,0,1,2,1,0,3
Chile,1908,255.0,,,0,0,0,0,0,0,0,0,0,0,0,0,1,2,1,0,3
Chile,1909,222.0,,,0,0,0,0,0,0,0,0,0,0,0,0,1,2,1,0,3
Chile,1910,253.0,,,0,0,0,0,0,0,0,0,0,0,0,0,0,2,1,0,3
Chile,1911,254.0,,,0,0,0,0,0,0,0,0,0,0,0,0,0,2,1,1,3
Chile,1912,332.0,,,0,0,0,0,0,0,0,0,0,0,0,0,0,2,1,1,3
Chile,1913,327.0,,,0,0,0,0,0,0,0,0,0,0,0,0,0,2,1,1,3
Chile,1914,274.0,,,0,0,0,0,0,0,0,0,0,0,0,0,0,2,1,1,3
Chile,1915,264.0,,,0,0,0,0,0,0,0,0,0,0,0,0,0,2,1,1,3
Chile,1916,346.0,,,0,0,0,0,0,0,0,0,0,0,0,0,0,2,1,1,3
Chile,1917,296.0,,,0,0,0,0,0,0,0,0,0,0,0,0,0,2,1,1,3
Chile,1918,303.0,,,0,0,0,0,0,0,0,0,0,0,0,0,0,2,1,1,3
Chile,1919,204.0,,,0,0,0,0,0,0,0,0,0,0,0,0,0,2,1,1,3
Chile,1920,383.0,,,0,0,0,0,0,0,0,0,0,0,0,0,0,2,1,1,3
Chile,1921,488.0,,,0,0,0,0,0,0,0,0,0,0,0,0,0,2,1,1,3
Chile,1922,532.0,,,0,0,0,0,0,0,0,0,0,0,0,0,0,2,1,0,3
Chile,1923,773.0,,,0,0,0,0,0,0,0,0,0,0,0,0,0,2,1,0,3
Chile,1924,934.0,,,0,0,0,0,0,0,0,0,0,0,0,0,0,2,1,0,3
Chile,1925,1034.0,,,0,0,0,0,0,0,0,0,0,0,0,0,0,2,1,0,3
Chile,1926,745.0,,,0,0,0,0,0,0,0,0,0,0,0,0,0,2,1,0,3
Chile,1927,893.0,,,0,0,0,0,0,0,0,0,0,0,0,0,0,2,2,0,3
Chile,1928,1339.0,,,0,0,0,0,0,0,0,0,0,0,0,0,0,2,2,0,3
Chile,1929,1230.0,,,0,0,0,0,0,0,0,0,0,0,0,0,0,2,2,0,3
Chile,1930,1167.0,,,0,0,0,0,0,0,0,0,0,0,0,0,0,1,2,0,2
Chile,1931,827.0,,,0,0,0,0,0,0,0,0,0,0,0,0,0,1,2,0,2
Chile,1932,583.0,,,0,0,0,0,0,0,0,0,0,0,0,0,0,1,2,0,2
Chile,1933,1088.0,,,0,0,0,0,0,0,0,0,0,0,0,0,0,1,2,0,2
Chile,1934,1302.0,,,0,0,0,0,0,0,0,0,0,0,0,0,0,1,2,0,2
Chile,1935,1818.0,,,0,0,0,0,0,0,0,0,0,0,0,0,0,1,2,0,2
Chile,1936,1892.0,,,0,0,0,0,0,0,0,0,0,0,0,0,0,1,2,0,2
Chile,1937,2005.0,,,0,0,0,0,0,0,0,0,0,0,0,0,0,1,2,0,2
Chile,1938,2323.0,,,0,0,0,0,0,0,0,0,0,0,0,0,0,1,2,0,2
Chile,1939,2732.0,,,0,0,0,0,0,0,0,0,0,0,0,0,0,1,1,0,2
Chile,1940,3017.0,22000.0,0.1371363636363636,0,0,0,0,0,0,0,0,0,0,0,0,0,1,1,0,2
Chile,1941,3669.0,27000.0,0.1358888888888889,0,0,0,0,0,0,0,0,0,0,0,0,0,1,1,0,2
Chile,1942,4265.0,32000.0,0.13328125,0,0,0,0,0,0,0,0,0,0,0,0,0,1,1,0,2
Chile,1943,5972.0,40000.0,0.1493,0,0,0,0,0,0,0,0,0,0,0,0,0,1,1,0,2
Chile,1944,6174.0,47000.0,0.1313617021276595,0,0,0,0,0,0,0,0,0,0,0,0,0,1,1,0,2
Chile,1945,7395.0,54000.0,0.1369444444444444,0,0,0,0,0,0,0,0,0,0,0,0,0,1,1,0,2
Chile,1946,8269.0,68000.0,0.1216029411764706,0,0,0,0,0,0,0,0,0,0,0,0,0,1,1,0,2
Chile,1947,11513.0,79000.0,0.1457341772151899,0,0,0,0,0,0,0,0,0,0,0,0,0,1,1,0,2
Chile,1948,17004.0,110000.0,0.1545818181818181,0,0,0,0,0,0,0,0,0,0,0,0,0,1,1,0,2
Chile,1949,17634.0,130000.0,0.1356461538461538,0,0,0,0,0,0,0,0,0,0,0,0,0,1,1,0,2
Chile,1950,19637.0,160000.0,0.12273125,0,0,0,0,0,0,0,0,0,0,0,0,0,1,1,0,2
Chile,1951,26435.0,200000.0,0.132175,0,0,0,0,0,0,0,0,0,0,0,0,0,1,1,0,2
Chile,1952,38078.0,260000.0,0.1464538461538461,0,0,0,0,0,0,0,0,0,0,0,0,0,1,1,0,2
Chile,1953,42220.0,350000.0,0.1206285714285714,0,0,0,0,0,0,0,0,0,0,0,0,0,1,1,0,2
Chile,1954,67280.0,560000.0,0.1201428571428571,0,0,0,0,0,0,0,0,0,0,0,0,0,1,1,0,2
Chile,1955,131885.0,1000000.0,0.131885,0,0,0,0,0,0,0,0,0,0,0,0,0,1,1,0,2
Chile,1956,225120.0,2000000.0,0.11256,0,0,0,0,0,0,0,0,0,0,0,0,0,1,1,0,2
Chile,1957,328534.0,2000000.0,0.164267,0,0,0,0,0,0,0,0,0,0,0,0,0,1,1,0,2
Chile,1958,443048.0,3000000.0,0.1476826666666666,0,0,0,0,0,0,0,0,0,0,0,0,0,1,1,0,2
Chile,1959,825069.0,4000000.0,0.20626725,0,0,0,0,0,0,0,0,0,0,0,0,0,1,1,0,2
Chile,1960,708.0,4270.0,0.165807962529274,0,0,0,0,0,0,0,0,0,0,0,0,0,1,1,0,2
Chile,1961,796.0,4790.0,0.1661795407098121,0,0,0,0,0,0,0,0,0,0,0,0,0,1,1,0,2
Chile,1962,957.0,5650.0,0.1693805309734513,0,0,0,0,0,0,0,0,0,0,0,0,0,1,1,0,2
Chile,1963,1354.0,8660.0,0.1563510392609699,0,0,0,0,0,0,0,0,0,0,0,0,0,1,1,0,2
Chile,1964,2038.0,13130.0,0.1552170601675552,0,0,0,0,0,0,0,0,0,0,0,0,0,1,1,0,2
Chile,1965,3469.0,18400.0,0.1885326086956521,0,0,0,0,0,0,0,0,0,0,0,0,0,1,1,0,2
Chile,1966,4898.0,26280.0,0.1863774733637747,0,0,0,0,0,0,0,0,0,0,0,0,0,1,1,0,2
Chile,1967,6312.0,34120.0,0.1849941383352872,0,0,0,0,0,0,0,0,0,0,0,0,0,1,1,0,2
Chile,1968,8778.0,47290.0,0.1856206386128145,0,0,0,0,0,0,0,0,0,0,0,0,0,1,1,0,2
Chile,1969,13231.0,68600.0,0.192871720116618,0,0,0,0,0,0,0,0,0,0,0,0,0,1,1,0,2
Chile,1970,19553.0,98420.0,0.1986689697216013,0,0,0,0,0,0,0,0,0,0,0,0,0,1,1,0,2
Chile,1971,24435.0,126980.0,0.1924318790360686,0,0,0,0,0,0,0,0,0,0,0,0,0,1,1,0,2
Chile,1972,52129.0,234490.0,0.2223079875474433,0,0,0,0,0,0,0,0,0,0,0,0,0,1,1,0,2
Chile,1973,268870.0,1146850.0,0.2344421676766796,0,1,0,1,0,1,0,0,0,0,0,1,0,1,1,0,2
Chile,1974,2443000.0,9198880.0,0.2655758092289496,0,0,0,0,0,1,0,0,0,0,0,1,0,1,1,0,2
Chile,1975,11756000.0,35446600.0,0.3316538116490721,0,0,0,0,0,1,0,0,0,0,0,1,0,1,1,0,2
Chile,1976,38018.0,128676.0,0.2954552519506357,0,0,0,0,0,1,0,0,0,0,0,1,0,1,1,1,2
Chile,1977,83167.0,287770.0,0.2890051082461688,0,0,0,0,0,1,0,0,0,0,0,1,0,1,1,1,2
Chile,1978,142685.0,487506.0,0.2926835772277674,0,0,0,0,0,1,0,0,0,0,0,1,0,1,1,0,2
Chile,1979,228308.0,772200.0,0.2956591556591557,0,0,0,0,0,1,0,0,0,0,0,1,0,1,1,0,2
Chile,1980,314571.0,1075270.0,0.2925507081942209,0,0,0,0,0,1,0,0,0,0,0,1,0,1,1,0,2
Chile,1981,373201.0,1273120.0,0.293138902852834,0,0,0,0,0,1,0,0,0,0,0,1,0,1,1,0,2
Chile,1982,350066.0,1239120.0,0.2825117825553618,0,0,0,0,0,1,0,0,0,0,0,1,0,1,1,0,2
Chile,1983,408097.0,1557710.0,0.2619852218962451,0,0,0,0,0,0,0,0,0,0,0,0,0,1,1,0,2
Chile,1984,514410.0,1893390.0,0.2716872910493876,0,0,0,0,0,0,0,0,0,0,0,0,0,1,1,0,2
Chile,1985,719223.0,2651940.0,0.2712063621348899,0,0,0,0,0,0,0,0,0,0,0,0,0,0,0,0,2
Chile,1986,879606.0,3419210.0,0.2572541610488972,0,0,0,0,0,0,0,0,0,0,0,0,0,0,0,0,2
Chile,1987,1129840.0,4540560.0,0.2488327430977676,0,0,0,0,0,0,0,0,0,0,0,0,0,0,0,0,2
Chile,1988,1484237.0,5917880.0,0.2508055249515029,0,0,0,0,0,0,0,0,0,0,0,0,0,0,0,0,2
Chile,1989,1860791.0,7353700.0,0.2530414621211091,0,0,0,0,0,0,0,0,0,0,0,0,0,0,0,0,2
Chile,1990,2065557.0,9245500.0,0.2234121464496241,0,0,0,0,0,0,0,0,0,0,0,0,0,0,0,0,2
Chile,1991,2678750.0,12100500.0,0.2213751497871988,0,0,0,0,0,0,0,0,0,0,0,0,0,0,0,0,2
Chile,1992,3376802.0,15185400.0,0.2223716201087887,0,0,0,0,0,0,0,0,0,0,0,0,0,0,0,0,1
Chile,1993,3955528.0,17974900.0,0.220058414789512,0,0,0,0,0,0,0,0,0,0,0,0,0,0,0,0,1
Chile,1994,4653013.0,21395300.0,0.2174782779395474,0,0,0,0,0,0,0,0,0,0,0,0,0,0,0,0,1
Chile,1995,5813021.0,25875700.0,0.2246517388901556,0,0,0,0,0,0,0,0,0,0,0,0,0,0,0,0,1
Chile,1996,6412303.0,28268400.0,0.2268364321999122,0,0,0,0,0,0,0,0,0,0,0,0,0,0,0,0,1
Chile,1997,7068972.0,31567300.0,0.2239333740928112,0,0,0,0,0,0,0,0,0,0,0,0,0,0,0,0,1
Chile,1998,7170825.0,33630400.0,0.2132244933155716,0,0,0,0,0,0,0,0,0,0,0,0,0,0,0,0,1
Chile,1999,7021670.0,34422800.0,0.2039831158418257,0,0,0,0,0,0,0,0,0,0,0,0,0,0,0,0,1
Chile,2000,7949604.0,37774700.0,0.210447839426918,0,0,0,0,0,0,0,0,0,0,0,0,0,0,0,0,1
Colombia,1900,,,,0,0,1,1,1,1,0,0,0,0,2,2,0,1,0,1,3
Colombia,1901,,,,0,0,1,1,1,1,0,0,0,0,3,3,0,1,0,1,3
Colombia,1902,,,,0,0,1,1,1,1,0,0,0,0,4,4,0,1,0,1,3
Colombia,1903,,,,1,0,2,1,2,1,0,0,0,0,6,5,0,1,0,1,3
Colombia,1904,,,,0,0,0,0,2,1,0,0,0,0,6,5,0,1,0,1,3
Colombia,1905,10.2,,,0,0,0,0,2,1,0,0,0,0,6,5,0,1,0,1,3
Colombia,1906,,,,0,0,0,0,2,1,0,0,0,0,6,5,0,1,0,1,3
Colombia,1907,16.0,,,0,0,0,0,2,1,0,0,0,0,6,5,0,1,0,1,3
Colombia,1908,17.0,,,0,0,0,0,2,1,0,0,0,0,6,5,0,1,0,1,3
Colombia,1909,17.0,,,0,0,0,0,2,1,0,0,0,0,5,4,0,1,0,1,3
Colombia,1910,11.0,,,0,0,0,0,2,1,0,0,0,0,4,3,0,1,0,1,3
Colombia,1911,12.0,,,0,0,0,0,2,1,0,0,0,0,3,2,0,1,0,1,3
Colombia,1912,13.0,,,0,0,0,0,2,1,0,0,0,0,2,1,0,1,0,1,3
Colombia,1913,17.0,,,0,0,0,0,0,0,0,0,0,0,0,0,0,1,0,1,3
Colombia,1914,13.0,,,0,0,0,0,0,0,0,0,0,0,0,0,0,1,0,0,3
Colombia,1915,12.0,,,0,0,0,0,0,0,0,0,0,0,0,0,0,1,0,0,3
Colombia,1916,20.0,,,0,0,0,0,0,0,0,0,0,0,0,0,0,1,0,0,3
Colombia,1917,13.0,,,0,0,0,0,0,0,0,0,0,0,0,0,0,1,0,0,3
Colombia,1918,11.0,,,0,0,0,0,0,0,0,0,0,0,0,0,0,1,0,0,3
Colombia,1919,14.0,,,0,0,0,0,0,0,0,0,0,0,0,0,0,1,0,0,3
Colombia,1920,26.0,,,0,0,0,0,0,0,0,0,0,0,0,0,0,1,0,0,2
Colombia,1921,16.0,,,0,0,0,0,0,0,0,0,0,0,0,0,0,1,0,0,2
Colombia,1922,21.0,,,0,0,0,0,0,0,0,0,0,0,0,0,0,1,0,0,2
Colombia,1923,34.0,,,0,0,0,0,0,0,0,0,0,0,0,0,0,1,0,0,2
Colombia,1924,33.0,,,0,0,0,0,0,0,0,0,0,0,0,0,0,1,0,0,2
Colombia,1925,46.0,,,0,0,0,0,0,0,0,0,0,0,0,0,0,1,0,0,2
Colombia,1926,56.0,,,0,0,0,0,0,0,0,0,0,0,0,0,0,1,0,0,2
Colombia,1927,63.0,,,0,0,0,0,0,0,0,0,0,0,0,0,0,1,0,0,2
Colombia,1928,75.0,,,0,0,0,0,0,0,0,0,0,0,0,0,0,1,0,0,2
Colombia,1929,75.0,,,0,0,0,0,0,0,0,0,0,0,0,0,0,1,0,0,2
Colombia,1930,49.0,,,0,0,0,0,0,0,0,0,0,0,0,0,0,1,0,0,2
Colombia,1931,44.0,,,0,0,0,0,0,0,0,0,0,0,0,0,0,1,0,0,2
Colombia,1932,36.0,,,0,0,0,0,1,0,1,0,1,0,1,0,0,1,0,0,2
Colombia,1933,43.0,,,0,0,0,0,1,0,0,0,1,0,2,0,0,1,0,0,2
Colombia,1934,55.0,,,0,0,0,0,1,0,0,0,0,0,2,0,0,1,0,0,2
Colombia,1935,62.0,,,0,0,0,0,1,0,0,0,0,0,2,0,0,0,0,0,2
Colombia,1936,73.0,1241.0,0.0588235294117647,0,0,0,0,1,0,0,0,0,0,2,0,0,0,0,0,1
Colombia,1937,86.0,1298.0,0.0662557781201849,0,0,0,0,1,0,0,0,0,0,2,0,0,0,0,0,1
Colombia,1938,83.0,1553.0,0.0534449452672247,0,0,0,0,1,0,0,0,0,0,2,0,0,0,0,0,1
Colombia,1939,96.0,1705.0,0.0563049853372434,0,0,0,0,1,0,0,0,0,0,2,0,0,0,0,0,1
Colombia,1940,79.0,1770.0,0.0446327683615819,0,0,0,0,1,0,0,0,0,0,2,0,0,0,0,0,1
Colombia,1941,105.0,1728.0,0.0607638888888888,0,0,0,0,1,0,0,0,0,0,2,0,0,0,0,0,1
Colombia,1942,111.0,1895.0,0.058575197889182,0,0,0,0,1,0,0,0,0,0,1,0,0,0,0,0,1
Colombia,1943,129.0,2251.0,0.0573078631719235,0,0,0,0,0,0,0,0,0,0,0,0,0,0,0,1,1
Colombia,1944,122.0,2763.0,0.0441549040897575,0,0,0,0,0,0,0,0,0,0,0,0,0,0,0,1,1
Colombia,1945,157.0,2550.0,0.0615686274509803,0,0,0,0,0,0,0,0,0,0,0,0,0,0,0,0,1
Colombia,1946,209.0,3100.0,0.0674193548387096,0,0,0,0,0,0,0,0,0,0,0,0,0,0,0,0,1
Colombia,1947,285.0,3780.0,0.0753968253968253,0,0,0,0,0,0,0,0,0,0,0,0,0,0,0,0,1
Colombia,1948,311.0,4450.0,0.0698876404494382,1,1,1,1,1,1,0,0,0,0,1,1,0,0,0,0,1
Colombia,1949,358.0,5300.0,0.0675471698113207,0,0,1,1,1,1,0,0,0,0,2,2,0,0,0,0,1
Colombia,1950,514.0,7860.0,0.0653944020356234,0,0,1,1,1,1,0,0,0,0,3,3,0,0,0,0,1
Colombia,1951,668.0,8940.0,0.0747203579418344,0,0,1,1,1,2,0,1,0,1,4,5,0,0,0,0,1
Colombia,1952,694.0,9650.0,0.0719170984455958,0,0,1,1,1,2,0,0,0,1,5,7,0,0,0,0,1
Colombia,1953,840.0,10734.0,0.0782560089435438,0,0,1,1,1,2,0,0,0,1,6,9,0,0,0,0,1
Colombia,1954,1043.0,12758.0,0.0817526258034174,0,0,1,1,1,2,0,0,0,0,7,10,0,0,0,0,1
Colombia,1955,1329.0,13249.0,0.1003094573175334,0,0,1,1,1,2,0,0,0,0,8,11,0,0,0,0,1
Colombia,1956,1138.0,14862.0,0.0765711209796797,0,0,1,1,1,2,0,0,0,0,9,12,0,0,0,0,1
Colombia,1957,1227.0,17810.0,0.0688938798427849,0,0,1,1,1,2,0,0,0,0,10,13,0,0,0,0,1
Colombia,1958,1637.0,20683.0,0.0791471256587535,0,0,1,1,1,2,0,0,0,0,10,13,0,0,0,0,1
Colombia,1959,1916.0,23650.0,0.081014799154334,0,0,1,1,1,2,0,0,0,0,10,13,0,0,0,0,1
Colombia,1960,2132.0,26747.0,0.0797098740045612,0,0,1,1,1,2,0,0,0,0,10,13,0,0,0,0,1
Colombia,1961,3095.0,30421.0,0.1017389303441701,0,0,1,1,1,2,0,0,0,0,10,12,0,0,0,0,1
Colombia,1962,2149.0,34200.0,0.0628362573099415,0,0,1,1,1,2,0,0,0,0,10,11,0,0,0,0,1
Colombia,1963,3236.0,43526.0,0.0743463676882782,0,0,0,0,1,1,0,0,0,0,9,9,0,0,0,0,1
Colombia,1964,4163.0,53760.0,0.0774367559523809,0,0,0,0,1,1,0,0,0,0,8,8,0,0,0,0,1
Colombia,1965,4412.0,60797.0,0.0725693701991874,0,0,0,0,1,1,0,0,0,0,7,7,0,0,0,0,1
Colombia,1966,6456.0,73612.0,0.0877030918871923,0,0,0,0,1,1,0,0,0,0,6,6,0,0,0,0,1
Colombia,1967,7295.0,83083.0,0.0878037625025576,0,0,0,0,1,1,0,0,0,0,5,5,0,0,0,0,1
Colombia,1968,9737.0,96421.0,0.1009842254280706,0,0,0,0,1,1,0,0,0,0,4,4,0,0,0,0,1
Colombia,1969,11249.0,110953.0,0.1013852712409759,0,0,0,0,1,1,0,0,0,0,3,3,0,0,0,0,1
Colombia,1970,13156.0,132770.0,0.0990886495443247,0,0,0,0,1,1,0,0,0,0,2,2,0,0,0,0,1
Colombia,1971,17166.0,155890.0,0.1101161075117069,0,0,0,0,1,1,0,0,0,0,1,1,0,0,0,0,1
Colombia,1972,18625.0,189610.0,0.0982279415642634,0,0,0,0,0,0,0,0,0,0,0,0,0,0,0,0,1
Colombia,1973,25064.0,243160.0,0.1030761638427373,0,0,0,0,0,0,0,0,0,0,0,0,0,0,0,0,1
Colombia,1974,32459.0,322380.0,0.1006855263974191,0,0,0,0,0,0,0,0,0,0,0,0,0,0,0,0,1
Colombia,1975,48200.0,405110.0,0.1189800301152773,0,0,0,0,0,0,0,0,0,0,0,0,0,0,0,0,1
Colombia,1976,62000.0,532270.0,0.11648223645894,0,0,0,0,0,0,0,0,0,0,0,0,0,0,0,0,1
Colombia,1977,82000.0,716030.0,0.1145203413264807,0,0,0,0,0,0,0,0,0,0,0,0,0,0,0,0,1
Colombia,1978,106000.0,909490.0,0.116548835061408,0,0,0,0,0,0,0,0,0,0,0,0,0,0,0,0,1
Colombia,1979,139000.0,1188820.0,0.1169226628084991,0,0,0,0,0,0,0,0,0,0,0,0,0,0,0,0,2
Colombia,1980,189100.0,1579130.0,0.1197494823098794,0,0,0,0,0,0,0,0,0,0,0,0,0,0,0,0,2
Colombia,1981,228900.0,1982770.0,0.1154445548399461,0,0,0,0,0,0,0,0,0,0,0,0,0,0,0,0,2
Colombia,1982,283300.0,2497300.0,0.1134425179193529,0,0,0,0,0,0,0,0,0,0,0,0,0,0,0,0,3
Colombia,1983,347500.0,3054140.0,0.1137799838907188,0,0,0,0,0,0,0,0,0,0,0,0,0,0,0,0,3
Colombia,1984,428100.0,3856580.0,0.1110050874090515,1,1,1,1,1,1,0,0,0,0,1,1,0,0,0,0,3
Colombia,1985,597000.0,4965880.0,0.1202203838997317,0,0,1,1,1,1,0,0,0,0,2,2,0,0,0,0,3
Colombia,1986,852600.0,6787960.0,0.1256047472289171,0,0,1,1,1,1,0,0,0,0,3,3,0,0,0,0,3
Colombia,1987,1136500.0,8824410.0,0.128790480043425,0,0,1,1,1,1,0,0,0,0,4,4,0,0,0,0,3
Colombia,1988,1491700.0,11731300.0,0.1271555582075302,0,0,1,1,1,1,0,0,0,0,5,5,0,0,0,0,3
Colombia,1989,1917600.0,15126700.0,0.126769222632828,0,0,1,1,1,1,0,0,0,0,6,6,0,0,0,0,3
Colombia,1990,2556800.0,20228100.0,0.1263984259520172,0,0,1,1,1,1,0,0,0,0,7,7,0,0,0,0,3
Colombia,1991,3653900.0,26106700.0,0.139960240091624,0,0,1,1,1,1,0,0,0,0,8,8,0,0,0,0,3
Colombia,1992,4536600.0,33515000.0,0.1353602864389079,0,0,1,1,1,1,0,0,0,0,9,9,0,0,0,0,3
Colombia,1993,6430000.0,43898200.0,0.1464752541106469,0,0,1,1,1,1,0,0,0,0,10,10,0,0,0,0,2
Colombia,1994,7701000.0,67532900.0,0.1140333082097762,0,0,1,1,1,1,0,0,0,0,10,10,0,0,0,0,2
Colombia,1995,9524000.0,84439100.0,0.1127913490314321,0,0,1,1,1,1,0,0,0,0,10,10,0,0,0,0,2
Colombia,1996,12048000.0,100711000.0,0.1196294347191468,0,0,1,1,1,1,0,0,0,0,10,10,0,0,0,0,2
Colombia,1997,15283000.0,121708000.0,0.1255710388799421,0,0,1,1,1,1,0,0,0,0,10,10,0,0,0,0,2
Colombia,1998,16592000.0,140953000.0,0.1177129965307584,0,0,1,1,1,1,0,0,0,0,10,10,0,0,0,0,2
Colombia,1999,18760000.0,149042000.0,0.1258705599763825,0,0,1,1,1,1,0,0,0,0,10,10,0,0,0,0,2
Colombia,2000,23196700.0,169704000.0,0.1366891764484042,0,0,1,1,1,1,0,0,0,0,10,10,0,0,0,0,2
Ecuador,1900,8.0,,,0,0,0,0,0,0,0,0,0,0,0,0,1,1,0,0,2
Ecuador,1901,11.0,,,0,0,0,0,0,0,0,0,0,0,0,0,1,1,0,0,2
Ecuador,1902,13.0,,,0,0,0,0,0,0,0,0,0,0,0,0,1,1,0,0,2
Ecuador,1903,11.0,,,0,0,0,0,0,0,0,0,0,0,0,0,1,1,0,0,2
Ecuador,1904,10.0,,,0,0,0,0,0,0,0,0,0,0,0,0,1,1,0,0,2
Ecuador,1905,12.0,,,0,0,0,0,0,0,0,0,0,0,0,0,1,1,0,0,2
Ecuador,1906,12.0,,,0,0,0,0,0,0,0,0,0,0,0,0,1,1,0,0,2
Ecuador,1907,13.0,,,0,0,0,0,0,0,0,0,0,0,0,0,1,1,0,0,2
Ecuador,1908,13.0,,,0,0,0,0,0,0,0,0,0,0,0,0,1,1,0,0,2
Ecuador,1909,16.0,,,0,0,0,0,0,0,0,0,0,0,0,0,1,1,0,0,2
Ecuador,1910,15.0,,,0,0,0,0,0,0,0,0,0,0,0,0,1,1,0,0,2
Ecuador,1911,13.0,,,1,0,1,0,1,0,0,0,0,0,1,0,1,1,0,0,2
Ecuador,1912,20.0,,,0,0,1,0,1,0,0,0,0,0,2,0,1,1,0,0,2
Ecuador,1913,20.0,,,0,0,0,0,1,0,0,0,0,0,2,0,1,1,0,0,2
Ecuador,1914,16.0,,,0,0,0,0,1,0,0,0,0,0,2,0,1,1,0,0,2
Ecuador,1915,21.0,,,0,0,0,0,1,0,0,0,0,0,2,0,1,1,0,0,2
Ecuador,1916,18.0,,,0,0,0,0,1,0,0,0,0,0,2,0,1,1,0,0,2
Ecuador,1917,19.0,,,0,0,0,0,1,0,0,0,0,0,2,0,1,1,0,0,2
Ecuador,1918,18.0,,,0,0,0,0,1,0,0,0,0,0,2,0,1,1,0,0,2
Ecuador,1919,18.0,,,0,0,0,0,1,0,0,0,0,0,2,0,1,1,0,0,2
Ecuador,1920,15.0,,,0,0,0,0,1,0,0,0,0,0,2,0,1,1,0,0,1
Ecuador,1921,21.0,,,0,0,0,0,1,0,0,0,0,0,1,0,1,1,0,0,1
Ecuador,1922,25.0,,,1,0,1,0,1,0,0,0,0,0,1,0,1,1,0,0,1
Ecuador,1923,25.0,,,0,0,1,0,1,0,0,0,0,0,2,0,1,1,0,0,1
Ecuador,1924,31.0,,,0,0,1,0,1,0,0,0,0,0,3,0,1,1,0,0,1
Ecuador,1925,39.0,,,0,0,1,0,1,0,0,0,0,0,4,0,1,1,0,0,1
Ecuador,1926,48.0,,,0,0,0,0,1,0,0,0,0,0,4,0,1,1,0,0,1
Ecuador,1927,65.0,,,0,0,0,0,1,0,0,0,0,0,4,0,1,1,0,0,1
Ecuador,1928,62.0,,,0,0,0,0,1,0,0,0,0,0,4,0,1,1,0,0,1
Ecuador,1929,61.0,,,0,0,0,0,1,0,0,0,0,0,4,0,1,1,0,0,1
Ecuador,1930,61.0,,,0,0,0,0,1,0,0,0,0,0,4,0,1,1,0,0,1
Ecuador,1931,45.0,,,0,0,0,0,1,0,0,0,0,0,4,0,1,1,0,0,1
Ecuador,1932,35.0,,,0,0,0,0,1,0,0,0,0,0,3,0,1,1,0,0,1
Ecuador,1933,39.0,,,0,0,0,0,1,0,0,0,0,0,2,0,1,1,0,0,1
Ecuador,1934,48.0,,,0,0,0,0,1,0,0,0,0,0,1,0,1,1,0,0,1
Ecuador,1935,66.0,,,0,0,0,0,0,0,0,0,0,0,0,0,1,1,0,0,1
Ecuador,1936,72.0,,,0,0,0,0,0,0,0,0,0,0,0,0,1,1,0,0,1
Ecuador,1937,80.0,,,0,0,0,0,0,0,0,0,0,0,0,0,1,1,0,0,1
Ecuador,1938,121.0,,,0,0,0,0,0,0,0,0,0,0,0,0,1,1,0,0,1
Ecuador,1939,121.0,900.0,0.1344444444444444,0,0,0,0,0,0,0,0,0,0,0,0,1,1,0,0,1
Ecuador,1940,115.0,1000.0,0.115,0,0,0,0,0,0,0,0,0,0,0,0,1,1,0,0,1
Ecuador,1941,118.0,1000.0,0.118,0,0,0,0,1,0,1,0,1,0,1,0,1,1,0,0,1
Ecuador,1942,139.0,1300.0,0.1069230769230769,0,0,0,0,1,0,0,0,0,0,1,0,1,1,0,0,1
Ecuador,1943,178.0,1800.0,0.0988888888888888,0,0,0,0,1,0,0,0,0,0,1,0,1,1,0,0,1
Ecuador,1944,233.0,2300.0,0.1013043478260869,0,0,0,0,1,0,0,0,0,0,1,0,1,1,0,0,1
Ecuador,1945,251.0,3000.0,0.0836666666666666,0,0,0,0,1,0,0,0,0,0,1,0,1,1,0,0,1
Ecuador,1946,299.0,3800.0,0.0786842105263157,0,0,0,0,1,0,0,0,0,0,1,0,1,1,0,0,1
Ecuador,1947,396.0,4800.0,0.0825,0,0,0,0,1,0,0,0,0,0,1,0,1,1,0,0,1
Ecuador,1948,337.5,6200.0,0.0544354838709677,0,0,0,0,1,0,0,0,0,0,1,0,1,1,0,0,1
Ecuador,1949,337.5,6200.0,0.0544354838709677,0,0,0,0,1,0,0,0,0,0,1,0,1,1,0,0,1
Ecuador,1950,480.0,7245.0,0.0662525879917184,0,0,0,0,1,0,0,0,0,0,1,0,1,1,0,0,1
Ecuador,1951,555.0,7761.0,0.0715114031696946,0,0,0,0,0,0,0,0,0,0,0,0,1,1,0,0,1
Ecuador,1952,585.0,8854.0,0.0660718319403659,0,0,0,0,0,0,0,0,0,0,0,0,1,1,0,0,1
Ecuador,1953,735.0,9348.0,0.0786264441591784,0,0,0,0,0,0,0,0,0,0,0,0,1,1,0,0,1
Ecuador,1954,1005.0,10446.0,0.0962090752441125,0,0,0,0,0,0,0,0,0,0,0,0,1,1,0,0,1
Ecuador,1955,1095.0,11048.0,0.099112961622013,0,0,0,0,0,0,0,0,0,0,0,0,1,1,0,0,1
Ecuador,1956,1050.0,11266.0,0.0932007811113083,0,0,0,0,0,0,0,0,0,0,0,0,0,1,0,0,1
Ecuador,1957,1260.0,12006.0,0.1049475262368815,0,0,0,0,0,0,0,0,0,0,0,0,0,1,0,0,1
Ecuador,1958,1290.0,12356.0,0.1044027193266429,0,0,0,0,0,0,0,0,0,0,0,0,0,1,0,0,1
Ecuador,1959,1260.0,13008.0,0.0968634686346863,0,0,0,0,0,0,0,0,0,0,0,0,0,1,0,0,1
Ecuador,1960,1365.0,14140.0,0.0965346534653465,0,0,0,0,0,0,0,0,0,0,0,0,0,1,0,0,1
Ecuador,1961,1551.3,14919.7,0.1039766215138374,0,0,0,0,0,0,0,0,0,0,0,0,0,1,0,0,1
Ecuador,1962,1620.0,16104.1,0.1005955005247111,0,0,0,0,0,0,0,0,0,0,0,0,0,1,0,0,1
Ecuador,1963,1638.0,17437.0,0.0939381774387796,0,0,0,0,0,0,0,0,0,0,0,0,0,1,0,0,1
Ecuador,1964,2088.0,19414.1,0.1075506976887932,0,0,0,0,0,0,0,0,0,0,0,0,0,1,0,0,1
Ecuador,1965,1998.0,20700.0,0.0965217391304347,0,0,0,0,0,0,0,0,0,0,0,0,0,1,0,0,1
Ecuador,1966,2214.0,22595.9,0.0979823773339411,0,0,0,0,0,0,0,0,0,0,0,0,0,1,0,0,1
Ecuador,1967,2646.0,25238.0,0.1048419050637926,0,0,0,0,0,0,0,0,0,0,0,0,0,1,0,0,1
Ecuador,1968,2556.0,27412.0,0.0932438348168685,0,0,0,0,0,0,0,0,0,0,0,0,0,1,0,0,1
Ecuador,1969,2952.0,30144.1,0.0979296114330831,0,0,0,0,0,0,0,0,0,0,0,0,0,1,0,0,1
Ecuador,1970,3673.9,34555.9,0.1063175897603593,0,0,0,0,0,0,0,0,0,0,0,0,0,1,0,0,1
Ecuador,1971,4425.0,40048.0,0.1104924091090691,0,0,0,0,0,0,0,0,0,0,0,0,0,1,0,0,1
Ecuador,1972,5525.0,46858.8,0.1179074154694529,0,0,0,0,0,0,0,0,0,0,0,0,0,1,1,0,1
Ecuador,1973,7975.0,62229.0,0.1281556830416687,0,0,0,0,0,0,0,0,0,0,0,0,0,1,1,0,1
Ecuador,1974,11400.0,92763.0,0.1228938262022573,0,0,0,0,0,0,0,0,0,0,0,0,0,1,1,0,1
Ecuador,1975,12400.0,107740.0,0.1150918878782253,0,0,0,0,0,0,0,0,0,0,0,0,0,1,1,0,1
Ecuador,1976,14650.0,132913.0,0.1102224763567145,0,0,0,0,0,0,0,0,0,0,0,0,0,1,1,0,1
Ecuador,1977,16450.0,166376.0,0.0988724335240659,0,0,0,0,0,0,0,0,0,0,0,0,0,1,1,1,1
Ecuador,1978,19050.0,191345.0,0.0995583892968198,0,0,0,0,0,0,0,0,0,0,0,0,0,1,1,1,1
Ecuador,1979,23075.0,233963.0,0.0986267059321345,0,0,0,0,0,0,0,0,0,0,0,0,0,1,1,1,1
Ecuador,1980,37550.0,293337.5,0.1280095453189585,0,0,0,0,0,0,0,0,0,0,0,0,0,1,1,1,1
Ecuador,1981,39297.0,348662.5,0.1127078478471301,0,0,0,0,1,0,1,0,1,0,1,0,0,1,1,1,1
Ecuador,1982,45996.0,415771.4,0.1106280999606995,0,0,0,0,1,0,0,0,0,0,1,0,0,1,1,1,1
Ecuador,1983,60187.0,560332.8,0.1074129517315423,0,0,0,0,1,0,0,0,0,0,1,0,0,1,1,1,1
Ecuador,1984,99872.0,812682.3,0.1228918114741763,0,0,0,0,1,0,0,0,0,0,1,0,0,1,1,1,1
Ecuador,1985,189000.0,1109996.7,0.1702707764806868,0,0,0,0,1,0,0,0,0,0,1,0,0,1,1,1,1
Ecuador,1986,187000.0,1383239.5,0.1351898930011758,0,0,0,0,1,0,0,0,0,0,1,0,0,1,1,1,1
Ecuador,1987,237000.0,1794483.6,0.1320714215499099,0,0,0,0,1,0,0,0,0,0,1,0,0,1,1,1,1
Ecuador,1988,441000.0,3019719.3,0.1460400640549603,0,0,0,0,1,0,0,0,0,0,1,0,0,1,1,1,1
Ecuador,1989,832000.0,5170515.0,0.1609124042769434,0,0,0,0,1,0,0,0,0,0,1,0,0,1,1,1,1
Ecuador,1990,1490000.0,8204176.5,0.1816148153321665,0,0,0,0,1,0,0,0,0,0,1,0,0,1,1,1,1
Ecuador,1991,1907000.0,12295948.5,0.155091736111289,0,0,0,0,0,0,0,0,0,0,0,0,0,1,1,1,1
Ecuador,1992,3096000.0,19413644.4,0.1594754666465406,0,0,0,0,0,0,0,0,0,0,0,0,0,1,1,1,1
Ecuador,1993,4371000.0,27450998.3,0.1592291818399915,0,0,0,0,0,0,0,0,0,0,0,0,0,1,1,1,1
Ecuador,1994,5734000.0,36478459.0,0.1571886575581496,0,0,0,0,0,0,0,0,0,0,0,0,0,1,1,1,1
Ecuador,1995,8069424.2,46005411.9,0.1754016292157141,0,0,0,0,1,0,1,0,1,0,1,0,0,1,1,1,1
Ecuador,1996,10677069.8,60726552.0,0.1758220983796346,0,0,0,0,1,0,0,0,0,0,1,0,0,1,1,1,1
Ecuador,1997,13566929.8,79040200.3,0.1716459440703112,0,0,0,0,1,0,0,0,0,0,1,0,0,1,1,1,1
Ecuador,1998,17518347.7,107421066.1,0.163081119337355,0,0,0,0,1,0,0,0,0,0,1,0,0,1,1,1,1
Ecuador,1999,32308797.5,161350683.9,0.2002396067935104,0,0,0,0,1,0,0,0,0,0,1,0,0,1,1,0,0
Ecuador,2000,77736413.6,340022156.5,0.2286216121919101,0,0,0,0,1,0,0,0,0,0,1,0,0,1,1,0,0
Mexico,1900,72.0,1317.0,0.0546697038724373,0,0,1,0,1,0,0,0,0,0,10,0,0,1,0,0,1
Mexico,1901,79.0,1774.0,0.044532130777903,0,0,0,0,1,0,0,0,0,0,9,0,0,1,0,0,1
Mexico,1902,81.0,1672.0,0.048444976076555,0,0,0,0,1,0,0,0,0,0,8,0,0,1,0,0,1
Mexico,1903,191.0,1859.0,0.1027434104357181,0,0,0,0,1,0,0,0,0,0,7,0,0,1,0,0,1
Mexico,1904,129.0,1836.0,0.0702614379084967,0,0,0,0,1,0,0,0,0,0,6,0,0,1,0,0,1
Mexico,1905,107.0,2273.0,0.0470743510778706,0,0,0,0,1,0,0,0,0,0,5,0,0,1,0,0,1
Mexico,1906,118.0,2217.0,0.0532250789354984,0,0,0,0,1,0,0,0,0,0,4,0,0,1,0,0,1
Mexico,1907,115.0,2346.0,0.0490196078431372,0,0,0,0,1,0,0,0,0,0,3,0,0,1,0,0,1
Mexico,1908,102.0,2408.0,0.0423588039867109,0,0,0,0,1,0,0,0,0,0,2,0,0,1,0,0,1
Mexico,1909,111.0,2643.0,0.0419977298524404,0,0,0,0,1,0,0,0,0,0,1,0,0,1,0,0,1
Mexico,1910,116.0,3100.0,0.0374193548387096,1,1,1,1,1,1,0,0,0,0,1,1,0,1,0,0,1
Mexico,1911,110.0,3263.4,0.0337071765643194,0,0,1,1,1,1,0,0,0,0,2,2,0,1,0,1,1
Mexico,1912,126.0,3435.5,0.0366758841507786,0,0,1,1,1,1,0,0,0,0,3,3,0,1,0,1,1
Mexico,1913,121.0,3616.6,0.0334568379140629,0,0,1,1,1,1,0,0,0,0,4,4,0,1,0,1,1
Mexico,1914,,3807.2,,0,0,1,1,1,1,0,0,0,0,5,5,0,1,0,1,1
Mexico,1915,,4007.9,,0,0,1,1,1,1,0,0,0,0,6,6,0,1,0,1,1
Mexico,1916,,4219.2,,0,0,1,1,1,1,0,0,0,0,7,7,0,1,0,1,1
Mexico,1917,154.0,4441.7,0.0346714095954251,0,0,1,1,1,1,0,0,0,0,8,8,0,1,0,1,1
Mexico,1918,157.0,4675.8,0.0335771418794644,0,0,1,1,1,1,0,0,0,0,9,9,0,1,0,1,1
Mexico,1919,188.0,4922.3,0.0381935274160453,0,0,1,1,1,1,0,0,0,0,10,10,0,1,0,1,1
Mexico,1920,260.0,5181.8,0.0501756146512794,0,0,1,1,1,1,0,0,0,0,10,10,0,1,0,1,1
Mexico,1921,293.0,5455.0,0.0537121906507791,0,0,0,0,1,1,0,0,0,0,9,9,0,1,0,0,1
Mexico,1922,280.0,4590.0,0.0610021786492374,0,0,0,0,1,1,0,0,0,0,8,8,0,1,0,0,1
Mexico,1923,287.0,5014.0,0.0572397287594734,0,1,0,1,1,2,0,0,0,0,7,8,0,1,0,0,1
Mexico,1924,273.0,4633.0,0.0589251025253615,0,0,0,1,1,2,0,0,0,0,6,8,0,1,0,0,0
Mexico,1925,322.0,5239.0,0.0614621110899026,0,0,0,0,1,2,0,0,0,0,5,7,0,1,0,0,0
Mexico,1926,309.0,5469.0,0.056500274273176,1,1,1,1,2,3,0,0,0,0,5,7,0,1,0,0,0
Mexico,1927,295.0,4987.0,0.0591537998796871,0,0,1,1,2,3,0,0,0,0,5,7,0,1,0,0,0
Mexico,1928,300.0,5018.0,0.0597847748106815,0,0,1,1,2,3,0,0,0,0,5,7,0,0,0,0,0
Mexico,1929,322.0,4863.0,0.0662142710261155,0,0,1,1,2,3,0,0,0,0,5,7,0,0,0,0,0
Mexico,1930,289.0,4668.0,0.06191088260497,0,0,1,1,1,2,0,0,0,0,5,7,0,0,0,0,0
Mexico,1931,256.0,4218.0,0.060692271218587,0,0,0,0,1,2,0,0,0,0,5,7,0,0,0,0,0
Mexico,1932,212.0,3206.0,0.066126013724267,0,0,0,0,1,2,0,0,0,0,5,7,0,0,0,0,0
Mexico,1933,223.0,3782.0,0.0589635113696456,0,0,0,0,1,2,0,0,0,0,5,6,0,0,0,0,0
Mexico,1934,295.0,4151.0,0.0710672127198265,0,0,0,0,1,1,0,0,0,0,5,5,0,0,0,0,0
Mexico,1935,313.0,4540.0,0.068942731277533,0,0,0,0,1,1,0,0,0,0,5,5,0,0,0,0,0
Mexico,1936,385.0,5346.0,0.0720164609053498,0,0,0,0,1,1,0,0,0,0,4,4,0,0,0,0,0
Mexico,1937,451.0,6800.0,0.0663235294117647,0,0,0,0,1,1,0,0,0,0,3,3,0,0,0,0,0
Mexico,1938,438.0,7281.0,0.0601565718994643,0,0,0,0,1,1,0,0,0,0,2,2,0,0,0,0,0
Mexico,1939,566.0,7785.0,0.0727039177906229,0,0,0,0,1,1,0,0,0,0,1,1,0,0,0,1,0
Mexico,1940,577.0,8249.0,0.0699478724693902,0,0,0,0,0,0,0,0,0,0,0,0,0,0,0,1,0
Mexico,1941,665.0,9232.0,0.0720320623916811,0,0,0,0,0,0,0,0,0,0,0,0,0,0,0,1,0
Mexico,1942,746.0,10681.0,0.0698436475985394,0,0,0,0,0,0,0,0,0,0,0,0,0,0,0,1,0
Mexico,1943,1092.0,13035.0,0.0837744533947065,0,0,0,0,0,0,0,0,0,0,0,0,0,0,0,0,0
Mexico,1944,1295.0,18801.0,0.0688793149300569,0,0,0,0,0,0,0,0,0,0,0,0,0,0,0,0,0
Mexico,1945,1404.0,20566.0,0.06826801517067,0,0,0,0,0,0,0,0,0,0,0,0,0,0,0,0,0
Mexico,1946,2012.0,27930.0,0.0720372359470103,0,0,0,0,0,0,0,0,0,0,0,0,0,0,0,0,0
Mexico,1947,2055.0,31023.0,0.0662411759017503,0,0,0,0,0,0,0,0,0,0,0,0,0,0,0,0,0
Mexico,1948,2268.0,33101.0,0.0685175674450923,0,0,0,0,0,0,0,0,0,0,0,0,0,0,0,0,0
Mexico,1949,3891.0,34300.0,0.1134402332361516,0,0,0,0,0,0,0,0,0,0,0,0,0,0,0,0,0
Mexico,1950,3614.0,42163.0,0.0857149633564974,0,0,0,0,0,0,0,0,0,0,0,0,0,0,0,0,0
Mexico,1951,4935.0,54375.0,0.0907586206896551,0,0,0,0,0,0,0,0,0,0,0,0,0,0,0,0,0
Mexico,1952,6318.0,60993.0,0.1035856573705179,0,0,0,0,0,0,0,0,0,0,0,0,0,0,0,0,0
Mexico,1953,5147.0,60664.0,0.0848443887643412,0,0,0,0,0,0,0,0,0,0,0,0,0,0,0,0,0
Mexico,1954,6405.0,73936.0,0.086628976412032,0,0,0,0,0,0,0,0,0,0,0,0,0,0,0,0,0
Mexico,1955,7819.0,90053.0,0.0868266465303765,0,0,0,0,0,0,0,0,0,0,0,0,0,0,0,0,0
Mexico,1956,9201.0,102920.0,0.0893995336183443,0,0,0,0,0,0,0,0,0,0,0,0,0,0,0,0,0
Mexico,1957,9666.0,118206.0,0.081772498857926,0,0,0,0,0,0,0,0,0,0,0,0,0,0,0,0,0
Mexico,1958,11872.0,131377.0,0.0903658935734565,0,0,0,0,0,0,0,0,0,0,0,0,0,0,0,0,0
Mexico,1959,10184.0,140772.0,0.0723439320319381,0,0,0,0,0,0,0,0,0,0,0,0,0,0,0,0,0
Mexico,1960,12992.0,159703.0,0.081351007808244,0,0,0,0,0,0,0,0,0,0,0,0,0,0,0,0,0
Mexico,1961,12225.0,173236.0,0.0705684730656445,0,0,0,0,0,0,0,0,0,0,0,0,0,0,0,0,0
Mexico,1962,14148.0,186781.0,0.0757464624346159,0,0,0,0,0,0,0,0,0,0,0,0,0,0,0,0,0
Mexico,1963,14845.0,207952.0,0.0713866661537277,0,0,0,0,0,0,0,0,0,0,0,0,0,0,0,0,0
Mexico,1964,18023.0,245501.0,0.0734131429199881,0,0,0,0,0,0,0,0,0,0,0,0,0,0,0,0,0
Mexico,1965,22000.0,267420.0,0.0822675940468177,0,0,0,0,0,0,0,0,0,0,0,0,0,0,0,0,0
Mexico,1966,25000.0,297196.0,0.0841195709228926,0,0,0,0,0,0,0,0,0,0,0,0,0,0,0,0,0
Mexico,1967,27000.0,325025.0,0.0830705330359203,0,0,0,0,0,0,0,0,0,0,0,0,0,0,0,0,0
Mexico,1968,32000.0,359858.0,0.0889239644526452,0,0,0,0,0,0,0,0,0,0,0,0,0,0,0,0,0
Mexico,1969,36000.0,397796.0,0.0904986475479894,0,0,0,0,0,0,0,0,0,0,0,0,0,0,0,0,0
Mexico,1970,41000.0,444271.0,0.0922860146172043,0,0,0,0,0,0,0,0,0,0,0,0,0,0,0,0,0
Mexico,1971,45000.0,490011.0,0.0918346730991753,0,0,0,0,0,0,0,0,0,0,0,0,0,0,0,0,0
Mexico,1972,54000.0,564727.0,0.0956214241571591,0,0,0,0,0,0,0,0,0,0,0,0,0,0,0,0,0
Mexico,1973,69000.0,690891.0,0.0998710360968662,0,0,0,0,0,0,0,0,0,0,0,0,0,0,0,0,0
Mexico,1974,94000.0,899707.0,0.1044784579868779,0,0,0,0,0,0,0,0,0,0,0,0,0,0,0,0,0
Mexico,1975,133000.0,1100050.0,0.1209035952911231,0,0,0,0,0,0,0,0,0,0,0,0,0,0,0,0,0
Mexico,1976,169000.0,1370968.0,0.123270565031423,0,0,0,0,0,0,0,0,0,0,0,0,0,0,0,0,0
Mexico,1977,241000.0,1849263.0,0.1303221878121175,0,0,0,0,0,0,0,0,0,0,0,0,0,0,0,0,0
Mexico,1978,323000.0,2337398.0,0.1381878481970122,0,0,0,0,0,0,0,0,0,0,0,0,0,0,0,0,0
Mexico,1979,439000.0,3067526.0,0.1431120714217255,0,0,0,0,0,0,0,0,0,0,0,0,0,0,0,0,0
Mexico,1980,675000.0,4276490.0,0.1578397236986407,0,0,0,0,0,0,0,0,0,0,0,0,0,0,0,0,0
Mexico,1981,894000.0,5874386.0,0.1521861178342723,0,0,0,0,0,0,0,0,0,0,0,0,0,0,0,0,0
Mexico,1982,1520000.0,9417089.0,0.1614086900952088,0,0,0,0,0,0,0,0,0,0,0,0,0,0,0,0,0
Mexico,1983,3222000.0,17141694.0,0.1879627532728095,0,0,0,0,0,0,0,0,0,0,0,0,0,0,0,0,0
Mexico,1984,4772000.0,28748889.0,0.1659890230888574,0,0,0,0,0,0,0,0,0,0,0,0,0,0,0,0,0
Mexico,1985,7820000.0,47402549.0,0.1649700314639198,0,0,0,0,0,0,0,0,0,0,0,0,0,0,0,0,0
Mexico,1986,12642000.0,79353450.0,0.1593125440670821,0,0,0,0,0,0,0,0,0,0,0,0,0,0,0,0,0
Mexico,1987,33682000.0,195614485.0,0.1721856129417001,0,0,0,0,0,0,0,0,0,0,0,0,0,0,0,0,0
Mexico,1988,67465000.0,393714000.0,0.171355349314477,0,0,0,0,0,0,0,0,0,0,0,0,0,0,0,0,0
Mexico,1989,86854000.0,512600000.0,0.1694381584081155,0,0,0,0,0,0,0,0,0,0,0,0,0,0,0,0,0
Mexico,1990,113275000.0,694872000.0,0.16301563453413,0,0,0,0,0,0,0,0,0,0,0,0,0,0,0,0,0
Mexico,1991,141308000.0,876933000.0,0.1611388783407626,0,0,0,0,0,0,0,0,0,0,0,0,0,0,0,0,0
Mexico,1992,173513000.0,1034730000.0,0.1676891556251389,0,0,0,0,0,0,0,0,0,0,0,0,0,0,0,0,0
Mexico,1993,187211.0,1256200.0,0.1490296131189301,0,0,0,0,0,0,0,0,0,0,0,0,0,0,0,0,0
Mexico,1994,212305.0,1423360.0,0.1491576270233812,0,0,0,0,0,0,0,0,0,0,0,0,0,0,0,0,0
Mexico,1995,281056.0,1840430.0,0.1527121379242894,0,0,0,0,0,0,0,0,0,0,0,0,0,0,0,0,0
Mexico,1996,384368.0,2529910.0,0.1519295152791996,0,0,0,0,0,0,0,0,0,0,0,0,0,0,0,0,0
Mexico,1997,467703.0,3178950.0,0.147124994101826,0,0,0,0,0,0,0,0,0,0,0,0,0,0,0,0,0
Mexico,1998,501019.0,3848220.0,0.1301949992464048,0,0,0,0,0,0,0,0,0,0,0,0,0,0,0,0,0
Mexico,1999,634057.0,4588470.0,0.1381848415702837,0,0,0,0,0,0,0,0,0,0,0,0,0,0,0,0,0
Mexico,2000,791040.0,5432350.0,0.1456165379623919,0,0,0,0,0,0,0,0,0,0,0,0,0,0,0,0,0
Paraguay,1900,0.9,,,0,0,0,0,0,0,0,0,0,0,0,0,0,0,0,0,1
Paraguay,1901,1.0,,,0,0,0,0,0,0,0,0,0,0,0,0,0,0,0,0,1
Paraguay,1902,0.7,,,0,0,0,0,0,0,0,0,0,0,0,0,0,0,0,0,1
Paraguay,1903,1.2,,,0,0,0,0,0,0,0,0,0,0,0,0,0,0,0,0,1
Paraguay,1904,1.2,,,0,0,0,0,0,0,0,0,0,0,0,0,0,0,0,0,1
Paraguay,1905,1.2,,,0,0,0,0,0,0,0,0,0,0,0,0,0,0,0,0,1
Paraguay,1906,1.3,,,0,0,0,0,0,0,0,0,0,0,0,0,0,0,0,0,1
Paraguay,1907,1.3,,,0,0,0,0,0,0,0,0,0,0,0,0,0,0,0,0,1
Paraguay,1908,,,,0,0,0,0,0,0,0,0,0,0,0,0,0,0,0,0,1
Paraguay,1909,,,,0,0,0,0,0,0,0,0,0,0,0,0,0,0,0,0,1
Paraguay,1910,,,,0,0,0,0,0,0,0,0,0,0,0,0,0,0,0,0,1
Paraguay,1911,,,,1,1,1,1,1,1,0,0,0,0,1,1,0,0,0,0,1
Paraguay,1912,,,,0,0,1,1,1,1,0,0,0,0,2,2,0,0,0,0,1
Paraguay,1913,4.4,,,0,0,0,0,1,1,0,0,0,0,2,2,0,0,0,0,1
Paraguay,1914,4.1,,,0,0,0,0,1,1,0,0,0,0,2,2,0,0,0,0,1
Paraguay,1915,3.1,,,0,0,0,0,1,1,0,0,0,0,2,2,0,0,0,0,1
Paraguay,1916,3.0,,,0,0,0,0,1,1,0,0,0,0,2,2,0,0,0,0,1
Paraguay,1917,,,,0,0,0,0,1,1,0,0,0,0,2,2,0,0,0,0,1
Paraguay,1918,,,,0,0,0,0,1,1,0,0,0,0,2,2,1,0,0,0,1
Paraguay,1919,5.5,,,0,0,0,0,1,1,0,0,0,0,2,2,1,0,0,0,1
Paraguay,1920,57.0,,,0,0,0,0,1,1,0,0,0,0,2,2,1,0,0,0,1
Paraguay,1921,122.0,,,0,0,0,0,1,1,0,0,0,0,1,1,1,0,0,0,1
Paraguay,1922,116.0,,,0,0,0,0,0,0,0,0,0,0,0,0,1,0,0,0,1
Paraguay,1923,123.0,,,0,0,0,0,0,0,0,0,0,0,0,0,1,0,0,0,1
Paraguay,1924,192.0,,,0,0,0,0,0,0,0,0,0,0,0,0,1,0,0,0,1
Paraguay,1925,235.0,,,0,0,0,0,0,0,0,0,0,0,0,0,1,0,0,0,1
Paraguay,1926,233.0,,,0,0,0,0,0,0,0,0,0,0,0,0,1,0,0,0,1
Paraguay,1927,256.0,,,0,0,0,0,0,0,0,0,0,0,0,0,1,0,0,0,1
Paraguay,1928,265.0,,,0,0,0,0,0,0,0,0,0,0,0,0,1,0,0,0,1
Paraguay,1929,256.0,,,0,0,0,0,0,0,0,0,0,0,0,0,1,0,0,0,1
Paraguay,1930,269.0,,,0,0,0,0,0,0,0,0,0,0,0,0,1,0,0,0,1
Paraguay,1931,213.0,,,0,0,0,0,0,0,0,0,0,0,0,0,1,0,0,0,1
Paraguay,1932,186.0,,,0,0,0,0,1,1,1,1,1,1,1,1,1,0,0,0,1
Paraguay,1933,,,,0,0,0,0,1,1,0,0,1,1,2,2,1,0,0,0,1
Paraguay,1934,,,,0,0,0,0,1,1,0,0,1,1,3,3,1,0,0,0,1
Paraguay,1935,343.0,,,0,0,0,0,1,1,0,0,1,1,4,4,1,0,0,0,1
Paraguay,1936,458.0,,,0,0,0,0,1,1,0,0,0,0,4,4,1,0,0,0,1
Paraguay,1937,1889.0,,,0,0,0,0,1,1,0,0,0,0,4,4,1,0,0,0,1
Paraguay,1938,555.0,,,0,0,0,0,1,1,0,0,0,0,4,4,1,0,0,0,1
Paraguay,1939,411.0,,,0,0,0,0,1,1,0,0,0,0,4,4,0,0,0,0,0
Paraguay,1940,1600.0,,,0,0,0,0,1,1,0,0,0,0,4,4,0,0,0,0,0
Paraguay,1941,1600.0,,,0,0,0,0,1,1,0,0,0,0,4,4,0,0,0,0,0
Paraguay,1942,1900.0,,,0,0,0,0,1,1,0,0,0,0,3,3,0,0,0,0,0
Paraguay,1943,22.0,,,0,0,0,0,1,1,0,0,0,0,2,2,0,0,0,0,0
Paraguay,1944,21.0,,,0,0,0,0,1,1,0,0,0,0,1,1,0,0,0,0,0
Paraguay,1945,24.0,,,0,0,0,0,0,0,0,0,0,0,0,0,0,0,0,0,0
Paraguay,1946,33.0,452.0,0.0730088495575221,0,0,0,0,0,0,0,0,0,0,0,0,0,0,0,0,0
Paraguay,1947,42.0,,,1,1,1,1,1,1,0,0,0,0,1,1,0,0,0,0,0
Paraguay,1948,46.0,,,0,0,0,0,1,1,0,0,0,0,1,1,0,0,0,0,0
Paraguay,1949,64.0,,,0,0,0,0,1,1,0,0,0,0,1,1,0,0,0,0,0
Paraguay,1950,153.0,1410.0,0.1085106382978723,0,0,0,0,1,1,0,0,0,0,1,1,0,0,0,0,0
Paraguay,1951,148.0,2379.0,0.0622110130306851,0,0,0,0,1,1,0,0,0,0,1,1,0,0,0,0,0
Paraguay,1952,,4386.0,,0,0,0,0,1,1,0,0,0,0,1,1,0,0,0,0,0
Paraguay,1953,434.0,7880.0,0.0550761421319796,0,0,0,0,1,1,0,0,0,0,1,1,0,0,0,0,0
Paraguay,1954,,10842.0,,0,0,0,0,1,1,0,0,0,0,1,1,0,0,0,0,0
Paraguay,1955,,14310.0,,0,0,0,0,1,1,0,0,0,0,1,1,0,0,0,0,0
Paraguay,1956,,17932.0,,0,0,0,0,1,1,0,0,0,0,1,1,0,0,0,0,0
Paraguay,1957,,22996.0,,0,0,0,0,0,0,0,0,0,0,0,0,0,0,0,0,0
Paraguay,1958,2831.0,26229.0,0.1079339662205955,0,0,0,0,0,0,0,0,0,0,0,0,0,0,0,0,0
Paraguay,1959,2696.0,29453.0,0.0915356669948731,0,0,0,0,0,0,0,0,0,0,0,0,0,0,0,0,0
Paraguay,1960,3233.0,34523.0,0.0936477131187903,0,0,0,0,0,0,0,0,0,0,0,0,0,0,0,0,0
Paraguay,1961,3632.0,39735.0,0.0914055618472379,0,0,0,0,0,0,0,0,0,0,0,0,0,0,0,0,0
Paraguay,1962,4328.0,45394.0,0.0953429968718332,0,0,0,0,0,0,0,0,0,0,0,0,0,0,0,0,0
Paraguay,1963,4220.0,48370.0,0.0872441596030597,0,0,0,0,0,0,0,0,0,0,0,0,0,0,0,0,0
Paraguay,1964,4375.0,51450.0,0.0850340136054421,0,0,0,0,0,0,0,0,0,0,0,0,0,0,0,0,0
Paraguay,1965,5710.0,55890.0,0.1021649668992664,0,0,0,0,0,0,0,0,0,0,0,0,0,0,0,0,0
Paraguay,1966,6241.0,58700.0,0.106320272572402,0,0,0,0,0,0,0,0,0,0,0,0,0,0,0,0,0
Paraguay,1967,6632.0,62080.0,0.1068298969072164,0,0,0,0,0,0,0,0,0,0,0,0,0,0,0,0,0
Paraguay,1968,7284.0,65220.0,0.1116835326586936,0,0,0,0,0,0,0,0,0,0,0,0,0,0,0,0,0
Paraguay,1969,8567.0,70090.0,0.1222285632757882,0,0,0,0,0,0,0,0,0,0,0,0,0,0,0,0,0
Paraguay,1970,8819.0,74920.0,0.1177122263747997,0,0,0,0,0,0,0,0,0,0,0,0,0,0,0,0,0
Paraguay,1971,8970.0,83740.0,0.1071172677334607,0,0,0,0,0,0,0,0,0,0,0,0,0,0,0,0,0
Paraguay,1972,11039.0,96900.0,0.1139215686274509,0,0,0,0,0,0,0,0,0,0,0,0,0,0,0,0,0
Paraguay,1973,13494.0,125440.0,0.1075733418367347,0,0,0,0,0,0,0,0,0,0,0,0,0,0,0,0,0
Paraguay,1974,18442.0,168020.0,0.109760742768718,0,0,0,0,0,0,0,0,0,0,0,0,0,0,0,0,0
Paraguay,1975,21200.0,190440.0,0.1113211510186935,0,0,0,0,0,0,0,0,0,0,0,0,0,0,0,0,0
Paraguay,1976,23900.0,214070.0,0.1116457233615172,0,0,0,0,0,0,0,0,0,0,0,0,0,0,0,0,0
Paraguay,1977,31400.0,263610.0,0.1191153598118432,0,0,0,0,0,0,0,0,0,0,0,0,0,0,0,0,0
Paraguay,1978,40900.0,322540.0,0.1268059775531717,0,0,0,0,0,0,0,0,0,0,0,0,0,0,0,0,0
Paraguay,1979,51000.0,430510.0,0.1184641471742816,0,0,0,0,0,0,0,0,0,0,0,0,0,0,0,0,0
Paraguay,1980,62000.0,560460.0,0.1106234164793205,0,0,0,0,0,0,0,0,0,0,0,0,0,0,0,0,0
Paraguay,1981,72637.0,708690.0,0.1024947438231102,0,0,0,0,0,0,0,0,0,0,0,0,0,0,0,0,0
Paraguay,1982,85680.0,737040.0,0.1162487788993813,0,0,0,0,0,0,0,0,0,0,0,0,0,0,0,0,0
Paraguay,1983,83441.0,818110.0,0.101992397110413,0,0,0,0,0,0,0,0,0,0,0,0,0,0,0,0,0
Paraguay,1984,102077.0,1070440.0,0.0953598520234669,0,0,0,0,0,0,0,0,0,0,0,0,0,0,0,0,0
Paraguay,1985,135207.0,1393890.0,0.0969997632524804,0,0,0,0,0,0,0,0,0,0,0,0,0,0,0,0,0
Paraguay,1986,177421.0,1833800.0,0.0967504635183771,0,0,0,0,0,0,0,0,0,0,0,0,0,0,0,0,0
Paraguay,1987,282175.0,2493600.0,0.1131596888033365,0,0,0,0,0,0,0,0,0,0,0,0,0,0,0,0,0
Paraguay,1988,322919.0,3319100.0,0.0972911331385014,0,0,0,0,0,0,0,0,0,0,0,0,0,0,0,0,0
Paraguay,1989,523924.0,4608400.0,0.1136889158927176,0,0,0,0,0,0,0,0,0,0,0,0,0,0,0,0,0
Paraguay,1990,795872.0,6474434.0,0.122925339882992,0,0,0,0,0,0,0,0,0,0,0,0,0,0,0,0,0
Paraguay,1991,979065.0,8280772.0,0.1182335415103809,0,0,0,0,0,0,0,0,0,0,0,0,0,0,0,0,0
Paraguay,1992,1390982.0,9670838.0,0.1438326233983032,0,0,0,0,0,0,0,0,0,0,0,0,0,0,0,0,0
Paraguay,1993,1687993.0,11991719.0,0.1407632216865655,0,0,0,0,0,0,0,0,0,0,0,0,0,0,0,0,0
Paraguay,1994,1761074.0,14960130.8,0.1177178210233295,0,0,0,0,0,0,0,0,0,0,0,0,0,0,0,0,0
Paraguay,1995,2363493.0,17698589.0,0.1335413235484478,0,0,0,0,0,0,0,0,0,0,0,0,0,0,0,0,0
Paraguay,1996,2544947.0,19804807.0,0.1285014794640513,0,0,0,0,0,0,0,0,0,0,0,0,0,0,0,0,0
Paraguay,1997,2817774.0,20934352.4,0.1346004856591599,0,0,0,0,0,0,0,0,0,0,0,0,0,0,0,0,0
Paraguay,1998,3091511.0,23436984.0,0.1319073734060662,0,0,0,0,0,0,0,0,0,0,0,0,0,0,0,0,0
Paraguay,1999,3011809.0,24144290.1,0.1247420813586066,0,0,0,0,0,0,0,0,0,0,0,0,0,0,0,0,0
Paraguay,2000,3390156.0,26920973.6,0.1259299180769598,0,0,0,0,0,0,0,0,0,0,0,0,0,0,0,0,0
Peru,1900,13.0,361.8,0.0359314538419016,0,0,0,0,0,0,0,0,0,0,0,0,1,3,0,1,4
Peru,1901,15.0,380.7,0.0394011032308904,0,0,0,0,0,0,0,0,0,0,0,0,1,3,0,1,4
Peru,1902,15.0,389.9,0.0384714029238266,0,0,0,0,0,0,0,0,0,0,0,0,1,3,0,1,4
Peru,1903,16.0,423.0,0.0378250591016548,0,0,0,0,0,0,0,0,0,0,0,0,1,3,0,1,4
Peru,1904,20.0,448.5,0.0445930880713489,0,0,0,0,0,0,0,0,0,0,0,0,1,3,0,1,4
Peru,1905,22.0,492.7,0.0446519180028414,0,0,0,0,0,0,0,0,0,0,0,0,1,3,0,1,4
Peru,1906,26.0,529.1,0.0491400491400491,0,0,0,0,0,0,0,0,0,0,0,0,1,3,0,1,4
Peru,1907,28.0,556.0,0.0503597122302158,0,0,0,0,0,0,0,0,0,0,0,0,1,3,0,1,4
Peru,1908,29.0,545.7,0.053142752428074,0,0,0,0,0,0,0,0,0,0,0,0,1,3,0,1,4
Peru,1909,25.0,599.4,0.0417083750417083,0,0,0,0,0,0,0,0,0,0,0,0,1,3,0,1,4
Peru,1910,28.0,615.4,0.0454988625284367,0,0,0,0,0,0,0,0,0,0,0,0,1,3,0,1,4
Peru,1911,32.0,616.2,0.0519311911716975,0,0,0,0,0,0,0,0,0,0,0,0,1,3,0,2,4
Peru,1912,34.0,663.9,0.0512125320078325,0,0,0,0,0,0,0,0,0,0,0,0,1,3,0,2,4
Peru,1913,35.0,625.7,0.055937350167812,0,0,0,0,0,0,0,0,0,0,0,0,1,3,0,2,4
Peru,1914,31.0,628.5,0.0493237867939538,0,0,0,0,0,0,0,0,0,0,0,0,1,3,0,1,4
Peru,1915,28.0,807.8,0.0346620450606585,0,0,0,0,0,0,0,0,0,0,0,0,1,3,0,1,4
Peru,1916,39.0,1090.5,0.0357634112792297,0,0,0,0,0,0,0,0,0,0,0,0,1,3,0,1,4
Peru,1917,45.0,1221.4,0.0368429670869493,0,0,0,0,0,0,0,0,0,0,0,0,1,3,0,1,4
Peru,1918,49.0,1460.6,0.0335478570450499,0,0,0,0,0,0,0,0,0,0,0,0,1,3,0,1,4
Peru,1919,62.0,1545.7,0.0401112764443294,0,0,0,0,0,0,0,0,0,0,0,0,1,3,0,1,4
Peru,1920,81.0,1990.2,0.0406994271932469,0,0,0,0,0,0,0,0,0,0,0,0,1,3,0,1,4
Peru,1921,62.0,1701.7,0.0364341540812129,0,0,0,0,0,0,0,0,0,0,0,0,1,3,0,1,4
Peru,1922,66.0,1767.6,0.0373387644263408,0,0,0,0,0,0,0,0,0,0,0,0,1,3,0,0,4
Peru,1923,76.0,1758.9,0.0432088236966285,0,0,0,0,0,0,0,0,0,0,0,0,1,3,0,0,4
Peru,1924,92.0,1988.1,0.0462753382626628,0,0,0,0,0,0,0,0,0,0,0,0,1,3,0,0,4
Peru,1925,92.0,2129.9,0.0431945161744682,0,0,0,0,0,0,0,0,0,0,0,0,1,3,0,0,4
Peru,1926,102.0,2232.4,0.0456907364271635,0,0,0,0,0,0,0,0,0,0,0,0,1,3,0,0,4
Peru,1927,107.0,2169.0,0.049331489165514,0,0,0,0,0,0,0,0,0,0,0,0,1,3,0,0,4
Peru,1928,122.0,2237.0,0.0545373267769333,0,0,0,0,0,0,0,0,0,0,0,0,1,3,0,0,4
Peru,1929,140.0,2403.2,0.0582556591211717,0,0,0,0,0,0,0,0,0,0,0,0,1,3,0,0,4
Peru,1930,119.0,1864.6,0.0638206585862919,0,0,0,0,0,0,0,0,0,0,0,0,1,2,0,0,3
Peru,1931,100.0,1806.4,0.0553587245349867,0,0,0,0,0,0,0,0,0,0,0,0,1,2,0,0,3
Peru,1932,87.0,1653.4,0.0526188460142736,0,0,0,0,1,0,1,0,1,0,1,0,1,2,0,0,3
Peru,1933,103.0,1862.1,0.0553138929165995,0,0,0,0,1,0,0,0,1,0,2,0,1,2,0,0,2
Peru,1934,126.0,2133.9,0.0590468156895824,0,0,0,0,1,0,0,0,0,0,2,0,1,2,0,0,2
Peru,1935,140.0,2245.0,0.0623608017817371,0,0,0,0,1,0,0,0,0,0,2,0,1,1,0,0,2
Peru,1936,160.0,2499.6,0.0640102416386621,0,0,0,0,1,0,0,0,0,0,2,0,1,1,0,0,1
Peru,1937,173.0,2751.6,0.0628725105393225,0,0,0,0,1,0,0,0,0,0,2,0,1,1,0,0,1
Peru,1938,185.0,2794.1,0.0662109444901757,0,0,0,0,1,0,0,0,0,0,2,0,1,1,0,0,1
Peru,1939,180.0,2700.3,0.066659260082213,0,0,0,0,1,0,0,0,0,0,2,0,1,1,0,0,1
Peru,1940,185.0,3162.0,0.0585072738772928,0,0,0,0,1,0,0,0,0,0,2,0,1,1,0,0,1
Peru,1941,229.0,3454.8,0.0662845895565589,0,0,0,0,2,0,1,0,1,0,3,0,1,1,0,0,1
Peru,1942,275.0,4135.3,0.0665006166420815,0,0,0,0,2,0,0,0,0,0,2,0,1,1,0,0,1
Peru,1943,346.0,4652.0,0.0743766122098022,0,0,0,0,1,0,0,0,0,0,1,0,1,1,0,0,1
Peru,1944,386.0,5630.3,0.0685576257037813,0,0,0,0,1,0,0,0,0,0,1,0,1,1,0,0,1
Peru,1945,431.0,6202.3,0.0694903503539009,0,0,0,0,1,0,0,0,0,0,1,0,1,1,0,0,1
Peru,1946,609.0,6488.3,0.0938612579566296,0,0,0,0,1,0,0,0,0,0,1,0,1,1,0,0,1
Peru,1947,930.0,7384.6,0.1259377623703382,0,0,0,0,1,0,0,0,0,0,1,0,1,1,0,0,1
Peru,1948,1021.0,8650.0,0.1180346820809248,0,0,0,0,1,0,0,0,0,0,1,0,1,1,0,0,1
Peru,1949,1175.0,12190.0,0.0963904840032813,0,0,0,0,1,0,0,0,0,0,1,0,1,1,0,0,1
Peru,1950,1728.0,15150.0,0.114059405940594,0,0,0,0,1,0,0,0,0,0,1,0,1,1,0,0,1
Peru,1951,2151.0,18710.0,0.1149652592196686,0,0,0,0,0,0,0,0,0,0,0,0,1,1,0,0,1
Peru,1952,2209.0,20960.0,0.1053912213740458,0,0,0,0,0,0,0,0,0,0,0,0,1,1,0,0,1
Peru,1953,2160.0,22650.0,0.095364238410596,0,0,0,0,0,0,0,0,0,0,0,0,1,1,0,0,1
Peru,1954,3654.0,25080.0,0.1456937799043062,0,0,0,0,0,0,0,0,0,0,0,0,1,1,0,0,1
Peru,1955,4787.0,28540.0,0.1677295024526979,0,0,0,0,0,0,0,0,0,0,0,0,2,1,0,0,1
Peru,1956,5478.0,31630.0,0.1731900094846664,0,0,0,0,0,0,0,0,0,0,0,0,1,1,0,0,1
Peru,1957,5274.0,33710.0,0.1564520913675467,0,0,0,0,0,0,0,0,0,0,0,0,1,1,0,0,1
Peru,1958,5255.0,36940.0,0.1422577152138603,0,0,0,0,0,0,0,0,0,0,0,0,1,1,0,0,1
Peru,1959,6240.0,42200.0,0.147867298578199,0,0,0,0,0,0,0,0,0,0,0,0,1,1,0,0,1
Peru,1960,8892.0,53430.0,0.1664233576642335,0,0,0,0,0,0,0,0,0,0,0,0,1,1,0,0,1
Peru,1961,10999.0,63900.0,0.1721283255086072,0,0,0,0,0,0,0,0,0,0,0,0,1,1,0,0,1
Peru,1962,12304.0,73400.0,0.1676294277929155,0,0,0,0,0,0,0,0,0,0,0,0,1,1,0,0,1
Peru,1963,11298.0,78700.0,0.1435578144853875,0,0,0,0,0,0,0,0,0,0,0,0,1,1,0,0,1
Peru,1964,13078.0,96700.0,0.1352430196483971,0,0,0,0,0,0,0,0,0,0,0,0,1,1,0,0,1
Peru,1965,16000.0,114900.0,0.1392515230635335,0,0,0,0,0,0,0,0,0,0,0,0,1,1,0,0,1
Peru,1966,18000.0,136800.0,0.131578947368421,0,0,0,0,0,0,0,0,0,0,0,0,1,1,0,0,1
Peru,1967,24000.0,156900.0,0.152963671128107,0,0,0,0,0,0,0,0,0,0,0,0,1,1,0,0,1
Peru,1968,28000.0,185800.0,0.1506996770721205,0,0,0,0,0,0,0,0,0,0,0,0,1,1,0,0,1
Peru,1969,32000.0,209000.0,0.1531100478468899,0,0,0,0,0,0,0,0,0,0,0,0,1,1,0,0,1
Peru,1970,39000.0,240700.0,0.1620274200249273,0,0,0,0,0,0,0,0,0,0,0,0,1,1,0,0,1
Peru,1971,41000.0,264400.0,0.1550680786686838,0,0,0,0,0,0,0,0,0,0,0,0,1,1,0,0,1
Peru,1972,46000.0,294700.0,0.1560909399389209,0,0,0,0,0,0,0,0,0,0,0,0,1,1,0,0,1
Peru,1973,53000.0,359200.0,0.1475501113585746,0,0,0,0,0,0,0,0,0,0,0,0,1,1,0,0,1
Peru,1974,69000.0,447500.0,0.1541899441340782,0,0,0,0,0,0,0,0,0,0,0,0,1,1,0,0,1
Peru,1975,88000.0,550200.0,0.1599418393311523,0,0,0,0,0,0,0,0,0,0,0,0,1,1,0,0,1
Peru,1976,111000.0,764500.0,0.145192936559843,0,0,0,0,0,0,0,0,0,0,0,0,1,1,0,1,1
Peru,1977,154000.0,1057900.0,0.1455714150675867,0,0,0,0,0,0,0,0,0,0,0,0,1,1,0,2,1
Peru,1978,264000.0,1677500.0,0.1573770491803278,0,0,0,0,0,0,0,0,0,0,0,0,1,1,0,1,1
Peru,1979,552000.0,3490000.0,0.1581661891117478,0,0,0,0,0,0,0,0,0,0,0,0,1,1,0,1,1
Peru,1980,1019000.0,6010000.0,0.1695507487520798,0,0,0,0,0,0,0,0,0,0,0,0,1,1,0,1,1
Peru,1981,1523000.0,10540000.0,0.1444971537001897,0,0,0,0,1,0,1,0,1,0,1,0,1,1,0,1,1
Peru,1982,2485000.0,17310000.0,0.1435586366262276,1,1,1,1,2,1,0,0,0,0,2,1,1,1,0,1,1
Peru,1983,3738000.0,31160000.0,0.1199614890885751,0,0,1,1,2,1,0,0,0,0,3,2,1,1,0,1,1
Peru,1984,9554000.0,68800000.0,0.1388662790697674,0,0,1,1,2,1,0,0,0,0,4,3,1,1,0,1,1
Peru,1985,27963.0,189140.0,0.147842867717035,0,0,1,1,2,1,0,0,0,0,5,4,1,1,0,1,1
Peru,1986,45191.0,361270.0,0.1250892684142054,0,0,1,1,2,1,0,0,0,0,6,5,1,1,0,1,1
Peru,1987,66424.0,718160.0,0.0924919238052801,0,0,1,1,2,1,0,0,0,0,7,6,1,1,0,1,1
Peru,1988,403000.0,4342850.0,0.0927962052569165,0,0,1,1,2,1,0,0,0,0,8,7,1,1,0,1,1
Peru,1989,7499000.0,105000000.0,0.0714190476190476,0,0,1,1,2,1,0,0,0,0,9,8,1,1,0,1,1
Peru,1990,682000000.0,5442930000.0,0.1253001600241046,0,0,1,1,2,1,0,0,0,0,10,9,1,1,0,1,1
Peru,1991,3654.0,26685.6,0.1369277812752945,0,0,1,1,1,1,0,0,0,0,10,10,1,1,0,1,1
Peru,1992,6782.0,44953.5,0.1508670070183634,0,0,1,1,1,1,0,0,0,0,10,10,1,1,1,1,1
Peru,1993,10476.0,69261.8,0.1512522054003794,0,0,0,0,1,1,0,0,0,0,9,9,0,1,1,1,1
Peru,1994,16180.0,98577.4,0.1641349842864591,0,0,0,0,1,1,0,0,0,0,8,8,0,1,1,1,1
Peru,1995,20390.0,120858.0,0.1687103873967796,0,0,0,0,2,1,1,0,1,0,8,7,0,1,1,1,1
Peru,1996,24023.0,136929.0,0.1754412870903899,0,0,0,0,2,1,0,0,0,0,7,6,0,1,1,1,1
Peru,1997,27705.0,157274.0,0.1761575339852741,0,0,0,0,2,1,0,0,0,0,6,5,0,1,1,1,1
Peru,1998,29380.0,165949.0,0.1770423443347052,0,0,0,0,2,1,0,0,0,0,5,4,0,1,1,1,1
Peru,1999,28747.0,173957.0,0.1652534821823784,0,0,0,0,2,1,0,0,0,0,4,3,0,1,1,0,0
Peru,2000,30543.0,185281.0,0.1648469082096923,0,0,0,0,2,1,0,0,0,0,3,2,0,1,1,0,0
Uruguay,1900,41.40721301721003,,,0,0,0,0,0,0,0,0,0,0,0,0,0,0,0,0,0
Uruguay,1901,39.22788601630424,,,0,0,0,0,0,0,0,0,0,0,0,0,0,0,0,0,0
Uruguay,1902,41.40721301721003,,,0,0,0,0,0,0,0,0,0,0,0,0,0,0,0,0,0
Uruguay,1903,41.40721301721003,,,0,0,0,0,0,0,0,0,0,0,0,0,0,0,0,0,0
Uruguay,1904,39.22788601630424,,,1,1,1,1,1,1,0,0,0,0,1,1,0,0,0,0,0
Uruguay,1905,37.048559015398446,,,0,0,0,0,1,1,0,0,0,0,1,1,0,0,0,0,0
Uruguay,1906,45.76586701902161,,,0,0,0,0,1,1,0,0,0,0,1,1,0,0,0,0,0
Uruguay,1907,47.945194019927406,,,0,0,0,0,1,1,0,0,0,0,1,1,0,0,0,0,0
Uruguay,1908,50.12452102083319,,,0,0,0,0,1,1,0,0,0,0,1,1,0,0,0,0,0
Uruguay,1909,52.303848021738986,,,0,0,0,0,1,1,0,0,0,0,1,1,0,0,0,0,0
Uruguay,1910,54.48317502264478,,,0,0,0,0,1,1,0,0,0,0,1,1,0,0,0,0,0
Uruguay,1911,56.662502023550566,,,0,0,0,0,1,1,0,0,0,0,1,1,0,0,0,0,0
Uruguay,1912,63.20048302626794,,,0,0,0,0,1,1,0,0,0,0,1,1,0,0,0,0,0
Uruguay,1913,69.73846402898532,,,0,0,0,0,1,1,0,0,0,0,1,1,0,0,0,0,0
Uruguay,1914,61.02115602536215,,,0,0,0,0,0,0,0,0,0,0,0,0,0,0,0,0,0
Uruguay,1915,50.12452102083319,,,0,0,0,0,0,0,0,0,0,0,0,0,0,0,0,0,0
Uruguay,1916,58.84182902445636,,,0,0,0,0,0,0,0,0,0,0,0,0,0,0,0,0,0
Uruguay,1917,54.48317502264478,,,0,0,0,0,0,0,0,0,0,0,0,0,0,0,0,0,0
Uruguay,1918,58.84182902445636,,,0,0,0,0,0,0,0,0,0,0,0,0,0,0,0,0,0
Uruguay,1919,67.55913702807952,,,0,0,0,0,0,0,0,0,0,0,0,0,0,0,0,0,0
Uruguay,1920,78.45577203260848,,,0,0,0,0,0,0,0,0,0,0,0,0,0,0,0,0,0
Uruguay,1921,67.55913702807952,,,0,0,0,0,0,0,0,0,0,0,0,0,0,0,0,0,0
Uruguay,1922,67.55913702807952,,,0,0,0,0,0,0,0,0,0,0,0,0,0,0,0,0,0
Uruguay,1923,80.63509903351427,,,0,0,0,0,0,0,0,0,0,0,0,0,0,0,0,0,0
Uruguay,1924,89.35240703713744,,,0,0,0,0,0,0,0,0,0,0,0,0,0,0,0,0,0
Uruguay,1925,98.0697150407606,,,0,0,0,0,0,0,0,0,0,0,0,0,0,0,0,0,0
Uruguay,1926,104.60769604347796,,,0,0,0,0,0,0,0,0,0,0,0,0,0,0,0,0,0
Uruguay,1927,113.32500404710112,,,0,0,0,0,0,0,0,0,0,0,0,0,0,0,0,0,0
Uruguay,1928,130.7596200543475,,,0,0,0,0,0,0,0,0,0,0,0,0,0,0,0,0,0
Uruguay,1929,128.58029305344166,,,0,0,0,0,0,0,0,0,0,0,0,0,0,0,0,0,0
Uruguay,1930,126.40096605253588,,,0,0,0,0,0,0,0,0,0,0,0,0,0,0,0,0,0
Uruguay,1931,122.0423120507243,,,0,0,0,0,0,0,0,0,0,0,0,0,0,0,0,0,0
Uruguay,1932,126.40096605253588,,,0,0,0,0,0,0,0,0,0,0,0,0,0,0,0,0,0
Uruguay,1933,126.40096605253588,,,0,0,0,0,0,0,0,0,0,0,0,0,0,0,0,0,0
Uruguay,1934,132.9389470552533,,,0,0,0,0,0,0,0,0,0,0,0,0,0,0,0,0,0
Uruguay,1935,189.60144907880385,,,0,0,0,0,0,0,0,0,0,0,0,0,0,0,0,0,0
Uruguay,1936,189.60144907880385,,,0,0,0,0,0,0,0,0,0,0,0,0,0,0,0,0,0
Uruguay,1937,191.78077607970965,,,0,0,0,0,0,0,0,0,0,0,0,0,0,0,0,0,0
Uruguay,1938,204.8567380851444,,,0,0,0,0,0,0,0,0,0,0,0,0,0,0,0,0,0
Uruguay,1939,202.67741108423857,,,0,0,0,0,0,0,0,0,0,0,0,0,0,0,0,1,0
Uruguay,1940,217.93270009057912,,,0,0,0,0,0,0,0,0,0,0,0,0,0,0,0,1,0
Uruguay,1941,217.93270009057912,,,0,0,0,0,0,0,0,0,0,0,0,0,0,0,0,1,0
Uruguay,1942,224.4706810932965,,,0,0,0,0,0,0,0,0,0,0,0,0,0,0,0,1,0
Uruguay,1943,231.00866209601384,,,0,0,0,0,0,0,0,0,0,0,0,0,0,0,0,1,0
Uruguay,1944,254.9812591059776,,,0,0,0,0,0,0,0,0,0,0,0,0,0,0,0,1,0
Uruguay,1945,287.6711641195644,,,0,0,0,0,0,0,0,0,0,0,0,0,0,0,0,1,0
Uruguay,1946,368.3062631530787,,,0,0,0,0,0,0,0,0,0,0,0,0,0,0,0,0,0
Uruguay,1947,420.6101111748177,,,0,0,0,0,0,0,0,0,0,0,0,0,0,0,0,0,0
Uruguay,1948,505.6038642101435,,,0,0,0,0,0,0,0,0,0,0,0,0,0,0,0,0,0
Uruguay,1949,533.9351152219189,,,0,0,0,0,0,0,0,0,0,0,0,0,0,0,0,0,0
Uruguay,1950,610.2115602536215,,,0,0,0,0,0,0,0,0,0,0,0,0,0,0,0,0,0
Uruguay,1951,780.1990663242732,,,0,0,0,0,0,0,0,0,0,0,0,0,0,0,0,0,0
Uruguay,1952,810.7096443369543,,,0,0,0,0,0,0,0,0,0,0,0,0,0,0,0,0,0
Uruguay,1953,865.1928193595991,,,0,0,0,0,0,0,0,0,0,0,0,0,0,0,0,0,0
Uruguay,1954,989.4144584112292,,,0,0,0,0,0,0,0,0,0,0,0,0,0,0,0,0,0
Uruguay,1955,976.3384964057944,4602.0,0.2121552578022152,0,0,0,0,0,0,0,0,0,0,0,0,0,0,0,0,0
Uruguay,1956,1128.8913864691997,5163.0,0.2186502782237458,0,0,0,0,0,0,0,0,0,0,0,0,0,0,0,0,0
Uruguay,1957,1449.2524556023511,6118.0,0.2368833696636729,0,0,0,0,0,0,0,0,0,0,0,0,0,0,0,0,0
Uruguay,1958,1525.5289006340538,6616.0,0.2305817564440831,0,0,0,0,0,0,0,0,0,0,0,0,0,0,0,0,0
Uruguay,1959,1961.394300815212,8865.0,0.2212514721731767,0,0,0,0,0,0,0,0,0,0,0,0,0,0,0,0,0
Uruguay,1960,3170.920786317926,13600.0,0.2331559401704357,0,0,0,0,0,0,0,0,0,0,0,0,0,0,0,0,0
Uruguay,1961,4587.48333690669,17300.0,0.2651724472200399,0,0,0,0,0,0,0,0,0,0,0,0,0,0,0,0,0
Uruguay,1962,4500.310256870459,18800.0,0.239378205152684,0,0,0,0,0,0,0,0,0,0,0,0,0,0,0,0,0
Uruguay,1963,4960.148254061581,22400.0,0.2214351899134634,0,0,0,0,0,0,0,0,0,0,0,0,0,0,0,0,0
Uruguay,1964,7557.906039141283,32600.0,0.231837608562616,0,0,0,0,0,0,0,0,0,0,0,0,0,0,0,0,0
Uruguay,1965,11986.29850498185,52500.0,0.22831044771394,0,0,0,0,0,0,0,0,0,0,0,0,0,0,0,0,0
Uruguay,1966,26151.92401086949,99600.0,0.2625695181814206,0,0,0,0,0,0,0,0,0,0,0,0,0,0,0,0,0
Uruguay,1967,39227.88601630424,170000.0,0.2307522706841425,0,0,0,0,0,0,0,0,0,0,0,0,0,0,0,0,0
Uruguay,1968,91531.73403804324,375000.0,0.2440846241014486,0,0,0,0,0,0,0,0,0,0,0,0,0,0,0,0,0
Uruguay,1969,135118.27405615905,506000.0,0.2670321621663222,0,0,0,0,0,0,0,0,0,0,0,0,0,0,0,0,0
Uruguay,1970,180884.14107518067,601000.0,0.3009719485443938,0,0,0,0,0,0,0,0,0,0,0,0,0,0,0,0,0
Uruguay,1971,224470.68109329647,722000.0,0.3109012203508261,0,0,0,0,0,0,0,0,0,0,0,0,0,0,0,0,0
Uruguay,1972,605852.9062518099,1242000.0,0.4878042723444524,0,0,0,0,0,0,0,0,0,0,0,0,0,0,0,0,0
Uruguay,1973,1202988.5044999968,2561000.0,0.4697338947676676,0,0,0,0,0,0,0,0,0,0,0,0,0,0,0,0,0
Uruguay,1974,1991904.878827893,4546000.0,0.4381664933629329,0,0,0,0,0,0,0,0,0,0,0,0,0,0,0,0,0
Uruguay,1975,1519.0,8166.0,0.1860151849130541,0,0,0,0,0,0,0,0,0,0,0,0,0,0,0,0,0
Uruguay,1976,2800.0,12638.0,0.2215540433612913,0,0,0,0,0,0,0,0,0,0,0,0,0,0,0,0,0
Uruguay,1977,4539.0,19915.0,0.2279186542806929,0,0,0,0,0,0,0,0,0,0,0,0,0,0,0,0,0
Uruguay,1978,6923.0,30930.0,0.2238279987067571,0,0,0,0,0,0,0,0,0,0,0,0,0,0,0,0,0
Uruguay,1979,12188.0,57630.0,0.2114870727051882,0,0,0,0,0,0,0,0,0,0,0,0,0,0,0,0,0
Uruguay,1980,20500.0,92200.0,0.2223427331887201,0,0,0,0,0,0,0,0,0,0,0,0,0,0,0,0,0
Uruguay,1981,29100.0,122000.0,0.2385245901639344,0,0,0,0,0,0,0,0,0,0,0,0,0,0,0,0,0
Uruguay,1982,27437.0,129000.0,0.2126899224806201,0,0,0,0,0,0,0,0,0,0,0,0,0,0,0,0,0
Uruguay,1983,40139.0,175417.0,0.2288204677995861,0,0,0,0,0,0,0,0,0,0,0,0,0,0,0,0,0
Uruguay,1984,55513.0,271000.0,0.2048450184501845,0,0,0,0,0,0,0,0,0,0,0,0,0,0,0,0,0
Uruguay,1985,109329.0,478600.0,0.2284350188048474,0,0,0,0,0,0,0,0,0,0,0,0,0,0,0,0,0
Uruguay,1986,220000.0,890500.0,0.2470522178551375,0,0,0,0,0,0,0,0,0,0,0,0,0,0,0,0,0
Uruguay,1987,395000.0,1661500.0,0.2377369846524225,0,0,0,0,0,0,0,0,0,0,0,0,0,0,0,0,0
Uruguay,1988,668000.0,2952500.0,0.2262489415749365,0,0,0,0,0,0,0,0,0,0,0,0,0,0,0,0,0
Uruguay,1989,1142000.0,5242090.0,0.2178520399306383,0,0,0,0,0,0,0,0,0,0,0,0,0,0,0,0,0
Uruguay,1990,2598000.0,10886200.0,0.2386507688633315,0,0,0,0,0,0,0,0,0,0,0,0,0,0,0,0,0
Uruguay,1991,5768000.0,22633100.0,0.2548479881235889,0,0,0,0,0,0,0,0,0,0,0,0,0,0,0,0,0
Uruguay,1992,10421000.0,38933000.0,0.2676649628849562,0,0,0,0,0,0,0,0,0,0,0,0,0,0,0,0,0
Uruguay,1993,17799000.0,59124800.0,0.3010411874543339,0,0,0,0,0,0,0,0,0,0,0,0,0,0,0,0,0
Uruguay,1994,26409.0,88140.4,0.2996242358782125,0,0,0,0,0,0,0,0,0,0,0,0,0,0,0,0,0
Uruguay,1995,33923.0,122521.0,0.276874984696501,0,0,0,0,0,0,0,0,0,0,0,0,0,0,0,0,0
Uruguay,1996,45535.0,163546.0,0.2784231959204138,0,0,0,0,0,0,0,0,0,0,0,0,0,0,0,0,0
Uruguay,1997,60165.0,204926.0,0.2935937850736363,0,0,0,0,0,0,0,0,0,0,0,0,0,0,0,0,0
Uruguay,1998,70664.0,234267.0,0.3016387284594074,0,0,0,0,0,0,0,0,0,0,0,0,0,0,0,0,0
Uruguay,1999,67197.0,237143.0,0.2833606726742935,0,0,0,0,0,0,0,0,0,0,0,0,0,0,0,0,0
Uruguay,2000,68167.0,242636.0,0.2809434708781879,0,0,0,0,0,0,0,0,0,0,0,0,0,0,0,0,0
Venezuela,1900,45.0,,,0,0,1,0,1,0,0,0,0,0,3,0,0,0,0,0,1
Venezuela,1901,32.0,,,0,1,0,1,1,1,0,0,0,0,3,1,0,0,0,0,1
Venezuela,1902,26.0,,,0,0,0,1,1,1,0,0,0,0,3,2,0,0,0,0,1
Venezuela,1903,57.0,,,0,0,0,1,1,1,0,0,0,0,3,3,0,0,0,0,1
Venezuela,1904,47.0,,,0,0,0,0,1,1,0,0,0,0,3,3,0,0,0,0,1
Venezuela,1905,49.0,,,0,0,0,0,1,1,0,0,0,0,3,3,0,0,0,0,1
Venezuela,1906,50.0,,,0,0,0,0,1,1,0,0,0,0,3,3,0,0,0,0,1
Venezuela,1907,51.0,,,0,0,0,0,1,1,0,0,0,0,3,3,0,0,0,0,1
Venezuela,1908,50.4,,,0,0,0,0,1,1,0,0,0,0,2,3,0,0,0,0,1
Venezuela,1909,48.6,,,0,0,0,0,1,1,0,0,0,0,1,3,0,0,0,0,1
Venezuela,1910,69.9,,,0,0,0,0,0,1,0,0,0,0,0,3,0,0,0,0,1
Venezuela,1911,82.8,,,0,0,0,0,0,1,0,0,0,0,0,2,0,0,0,0,1
Venezuela,1912,65.5,,,0,0,0,0,0,1,0,0,0,0,0,1,0,0,0,0,1
Venezuela,1913,60.4,,,0,0,0,0,0,0,0,0,0,0,0,0,0,0,0,0,1
Venezuela,1914,50.6,,,0,0,0,0,0,0,0,0,0,0,0,0,0,0,0,0,1
Venezuela,1915,65.7,,,0,0,0,0,0,0,0,0,0,0,0,0,0,0,0,0,1
Venezuela,1916,72.1,,,0,0,0,0,0,0,0,0,0,0,0,0,0,0,0,0,1
Venezuela,1917,53.3,,,0,0,0,0,0,0,0,0,0,0,0,0,0,0,0,0,1
Venezuela,1918,57.1,,,0,0,0,0,0,0,0,0,0,0,0,0,0,0,0,0,1
Venezuela,1919,101.1,,,0,0,0,0,0,0,0,0,0,0,0,0,0,0,0,0,1
Venezuela,1920,81.6,995.0,0.0820100502512562,0,0,0,0,0,0,0,0,0,0,0,0,0,0,0,0,1
Venezuela,1921,70.9,757.9,0.0935479614724897,0,0,0,0,0,0,0,0,0,0,0,0,0,0,0,0,1
Venezuela,1922,87.7,770.4,0.1138369678089304,0,0,0,0,0,0,0,0,0,0,0,0,0,0,0,0,1
Venezuela,1923,102.2,880.4,0.1160835983643798,0,0,0,0,0,0,0,0,0,0,0,0,0,0,0,0,1
Venezuela,1924,120.2,1168.8,0.1028405201916495,0,0,0,0,0,0,0,0,0,0,0,0,0,0,0,0,1
Venezuela,1925,172.1,1560.5,0.1102851650112143,0,0,0,0,0,0,0,0,0,0,0,0,0,0,0,0,1
Venezuela,1926,182.1,1930.5,0.0943278943278943,0,0,0,0,0,0,0,0,0,0,0,0,0,0,0,0,1
Venezuela,1927,186.8,1979.9,0.0943481994040103,0,0,0,0,0,0,0,0,0,0,0,0,0,0,0,0,1
Venezuela,1928,230.4,2293.8,0.1004446769552707,0,0,0,0,0,0,0,0,0,0,0,0,0,0,0,0,1
Venezuela,1929,255.4,2511.8,0.101680070069273,0,0,0,0,0,0,0,0,0,0,0,0,0,0,0,0,1
Venezuela,1930,210.3,2433.3,0.0864258414498828,0,0,0,0,0,0,0,0,0,0,0,0,0,0,0,0,1
Venezuela,1931,185.1,1829.7,0.1011641252664371,0,0,0,0,0,0,0,0,0,0,0,0,0,0,0,0,1
Venezuela,1932,171.9,1893.4,0.0907890567233548,0,0,0,0,0,0,0,0,0,0,0,0,0,0,0,0,1
Venezuela,1933,172.0,1581.7,0.1087437567174559,0,0,0,0,0,0,0,0,0,0,0,0,0,0,0,0,1
Venezuela,1934,203.0,1757.4,0.1155115511551155,0,0,0,0,0,0,0,0,0,0,0,0,0,0,0,0,1
Venezuela,1935,189.0,1795.1,0.1052866135591332,0,0,0,0,0,0,0,0,0,0,0,0,0,0,0,0,1
Venezuela,1936,274.0,1998.9,0.1370753914653059,0,0,0,0,0,0,0,0,0,0,0,0,0,0,0,0,1
Venezuela,1937,331.0,2463.1,0.1343835004668913,0,0,0,0,0,0,0,0,0,0,0,0,0,0,0,0,1
Venezuela,1938,341.0,2595.4,0.1313862988364028,0,0,0,0,0,0,0,0,0,0,0,0,0,0,0,0,1
Venezuela,1939,354.0,2819.0,0.1255764455480666,0,0,0,0,0,0,0,0,0,0,0,0,0,0,0,0,1
Venezuela,1940,346.0,2864.9,0.1207721037383503,0,0,0,0,0,0,0,0,0,0,0,0,0,0,0,0,1
Venezuela,1941,325.0,3077.4,0.1056086306622473,0,0,0,0,0,0,0,0,0,0,0,0,0,0,0,0,1
Venezuela,1942,306.0,2980.0,0.1026845637583892,0,0,0,0,0,0,0,0,0,0,0,0,0,0,0,0,1
Venezuela,1943,446.0,3347.2,0.1332456978967495,0,0,0,0,0,0,0,0,0,0,0,0,0,0,0,0,1
Venezuela,1944,614.0,4479.5,0.1370688692934479,0,0,0,0,0,0,0,0,0,0,0,0,0,0,0,0,1
Venezuela,1945,713.0,5738.1,0.1242571582928146,0,0,0,0,0,0,0,0,0,0,0,0,0,0,0,0,1
Venezuela,1946,1100.0,7285.3,0.1509889778046202,0,0,0,0,0,0,0,0,0,0,0,0,0,0,0,0,1
Venezuela,1947,1562.0,10422.9,0.149862322386284,0,0,0,0,0,0,0,0,0,0,0,0,0,0,0,0,1
Venezuela,1948,1963.0,14073.4,0.139482996290875,0,0,0,0,0,0,0,0,0,0,0,0,0,0,0,0,1
Venezuela,1949,1896.0,14130.8,0.1341749936309338,0,0,0,0,0,0,0,0,0,0,0,0,0,0,0,0,1
Venezuela,1950,2126.0,11826.0,0.1797733806866226,0,0,0,0,0,0,0,0,0,0,0,0,0,0,0,0,1
Venezuela,1951,2298.0,13006.0,0.176687682608027,0,0,0,0,0,0,0,0,0,0,0,0,0,0,0,0,1
Venezuela,1952,2371.0,13980.0,0.1695994277539342,0,0,0,0,0,0,0,0,0,0,0,0,0,0,0,0,1
Venezuela,1953,2758.0,14806.0,0.1862758341213021,0,0,0,0,0,0,0,0,0,0,0,0,0,0,0,0,1
Venezuela,1954,2826.0,16376.0,0.1725696140693698,0,0,0,0,0,0,0,0,0,0,0,0,0,0,0,0,1
Venezuela,1955,3201.0,17892.0,0.1789067739771965,0,0,0,0,0,0,0,0,0,0,0,0,0,0,0,0,1
Venezuela,1956,5257.0,20400.0,0.2576960784313725,0,0,0,0,0,0,0,0,0,0,0,0,0,0,0,0,1
Venezuela,1957,4881.0,23846.0,0.204688417344628,0,0,0,0,0,0,0,0,0,0,0,0,0,0,0,0,1
Venezuela,1958,5324.0,24584.0,0.2165636186137325,0,0,0,0,0,0,0,0,0,0,0,0,0,0,0,0,1
Venezuela,1959,5863.0,25556.0,0.2294177492565346,0,0,0,0,0,0,0,0,0,0,0,0,0,0,0,0,1
Venezuela,1960,6813.0,25670.0,0.2654070899883132,0,0,0,0,0,0,0,0,0,0,0,0,0,0,0,0,1
Venezuela,1961,7074.0,27000.0,0.262,0,0,0,0,0,0,0,0,0,0,0,0,0,0,0,0,1
Venezuela,1962,3291.0,29530.0,0.1114459871317304,0,0,0,0,0,0,0,0,0,0,0,0,0,0,0,0,1
Venezuela,1963,6619.0,32190.0,0.2056228642435539,0,0,0,0,0,0,0,0,0,0,0,0,0,0,0,0,1
Venezuela,1964,7217.0,35640.0,0.2024971941638608,0,0,0,0,0,0,0,0,0,0,0,0,0,0,0,0,1
Venezuela,1965,7367.0,37930.0,0.1942262061692591,0,0,0,0,0,0,0,0,0,0,0,0,0,0,0,0,1
Venezuela,1966,7952.0,39520.0,0.2012145748987854,0,0,0,0,0,0,0,0,0,0,0,0,0,0,0,1,2
Venezuela,1967,8679.0,41630.0,0.2084794619264953,0,0,0,0,0,0,0,0,0,0,0,0,0,0,0,1,2
Venezuela,1968,8964.0,44820.0,0.2,0,0,0,0,0,0,0,0,0,0,0,0,0,0,0,1,2
Venezuela,1969,9576.0,46420.0,0.2062903920723826,0,0,0,0,0,0,0,0,0,0,0,0,0,0,0,1,2
Venezuela,1970,10137.0,52310.0,0.1937870388071114,0,0,0,0,0,0,0,0,0,0,0,0,0,0,0,1,2
Venezuela,1971,12362.0,57420.0,0.2152908394287704,0,0,0,0,0,0,0,0,0,0,0,0,0,0,0,1,2
Venezuela,1972,13297.0,61500.0,0.2162113821138211,0,0,0,0,0,0,0,0,0,0,0,0,0,0,0,1,2
Venezuela,1973,17027.0,73250.0,0.2324505119453924,0,0,0,0,0,0,0,0,0,0,0,0,0,0,0,1,2
Venezuela,1974,44325.0,112230.0,0.3949478748997594,0,0,0,0,0,0,0,0,0,0,0,0,0,0,0,1,2
Venezuela,1975,42000.0,118100.0,0.3556308213378493,0,0,0,0,0,0,0,0,0,0,0,0,0,0,0,1,2
Venezuela,1976,40000.0,135100.0,0.2960769800148038,0,0,0,0,0,0,0,0,0,0,0,0,0,0,0,1,2
Venezuela,1977,43000.0,155710.0,0.2761543895703551,0,0,0,0,0,0,0,0,0,0,0,0,0,0,0,1,2
Venezuela,1978,43000.0,169060.0,0.254347568910446,0,0,0,0,0,0,0,0,0,0,0,0,0,0,0,1,2
Venezuela,1979,51000.0,207740.0,0.2454991816693944,0,0,0,0,0,0,0,0,0,0,0,0,0,0,0,1,2
Venezuela,1980,67000.0,254200.0,0.2635719905586152,0,0,0,0,0,0,0,0,0,0,0,0,0,0,0,1,2
Venezuela,1981,98000.0,285210.0,0.3436064654114512,0,0,0,0,0,0,0,0,0,0,0,0,0,0,0,1,2
Venezuela,1982,84000.0,291270.0,0.2883922134102379,0,0,0,0,0,0,0,0,0,0,0,0,0,0,0,1,3
Venezuela,1983,77000.0,290500.0,0.2650602409638554,0,0,0,0,0,0,0,0,0,0,0,0,0,0,0,0,3
Venezuela,1984,104506.0,405750.0,0.257562538508934,0,0,0,0,0,0,0,0,0,0,0,0,0,0,0,0,3
Venezuela,1985,126483.0,449030.0,0.2816805113244104,0,0,0,0,0,0,0,0,0,0,0,0,0,0,0,0,3
Venezuela,1986,108646.0,492130.0,0.2207668705423363,0,0,0,0,0,0,0,0,0,0,0,0,0,0,0,0,3
Venezuela,1987,135168.0,679440.0,0.1989403037795832,0,0,0,0,0,0,0,0,0,0,0,0,0,0,0,0,3
Venezuela,1988,167886.0,875500.0,0.1917601370645345,0,0,0,0,0,0,0,0,0,0,0,0,0,0,0,0,3
Venezuela,1989,303132.0,1485540.0,0.2040550910779918,0,0,0,0,0,0,0,0,0,0,0,0,0,0,0,0,3
Venezuela,1990,539495.0,2279260.0,0.2366974368874108,0,0,0,0,0,0,0,0,0,0,0,0,0,0,0,0,3
Venezuela,1991,718760.0,3037490.0,0.2366295856118044,0,0,0,0,0,0,0,0,0,0,0,0,0,0,0,0,3
Venezuela,1992,749119.0,4131480.0,0.1813197691868289,0,0,0,0,0,0,0,0,0,0,0,0,0,0,0,0,3
Venezuela,1993,946048.0,5453900.0,0.1734626597480701,0,0,0,0,0,0,0,0,0,0,0,0,0,0,0,0,3
Venezuela,1994,1575061.0,8675170.0,0.1815596697240515,0,0,0,0,0,0,0,0,0,0,0,0,0,0,0,0,3
Venezuela,1995,2242582.0,13685700.0,0.1638631564333574,0,0,0,0,0,0,0,0,0,0,0,0,0,0,0,0,3
Venezuela,1996,5767795.0,29437700.0,0.195932256935834,0,0,0,0,0,0,0,0,0,0,0,0,0,0,0,1,3
Venezuela,1997,10240962.0,43343700.0,0.2362733684480097,0,0,0,0,0,0,0,0,0,0,0,0,0,0,0,1,3
Venezuela,1998,9002797.0,52482500.0,0.1715390272948125,0,0,0,0,0,0,0,0,0,0,0,0,0,0,0,1,3
Venezuela,1999,10738439.0,62577000.0,0.1716036083545072,0,0,0,0,0,0,0,0,0,0,0,0,0,0,0,1,3
Venezuela,2000,16248951.0,82450700.0,0.1970747489105611,0,0,0,0,0,0,0,0,0,0,0,0,0,0,0,0,3
